text,label,n_chars,n_words,type_token_ratio,avg_word_len,exclamation_count,question_count,ellipsis_count,quote_count,fear_word_rate
"But when Gavin turned slightly to the north wall with intensions to leave the room, he saw the black hair contemporary doll sitting on a shelf. His eyes widened and his heart began racing. That doll wasn’t there a second ago, was it? Gavin looked closely at the doll and saw that on its cheeks was a thick powder. Apricot blush. Gavin grew irate. He didn’t know what was going on, but it wasn’t funny. He wanted his wife back. A sharp anger came over him, and he raised the porcelain doll above his head ready to slam its face into the lacquered wood floor when his cell phone rang. Gavin lowered the doll and reached into his pocket. He fumbled slightly, but accepted the call. “Hello?”
“Sorry to return your call so late, but this is important,” it was his realtor. His voice sounded grave and shaky. “Not at all. Besides, I called first,” said Gavin, who was fully alert to receive any information the realtor may have. “So?” He heard a long exhale on the other end of the phone. “Look, I don’t know how to say this, because it’s, well…I never thought it would affect you or your wife.”
“Just say it,” Gavin pleaded. “The previous owners of the house…Well,” the realtor paused for a few seconds, “they… disappeared. Not at the same time. First the wife went missing. Then, after, I think a day or two, the husband disappeared. Neither of them was found. To this day, they remain missing.” Gavin stood in silence. “Gavin?",human,1423.0,266.0,0.5939849624060151,4.105263157894737,0.0,4.0,0.0,17.0,0.0037593984962406013
"Whatever the reason, I had a little “mantra” I would say: “I wish I had my twin. I wish she was here.” But no matter how hard I tried to activate some imaginary power, the ‘twin’ never appeared. And so we grew up. Once college time came for Madeline, we mostly went our separate ways, and BOY, did she climb that social ladder like her life depended on it- graduated with honors, married the “boy next door,” had a baby and now she’s got her own office assisting in a law firm while, you guessed it, she’s studying for the bar exam. And me? I’m not aiming nearly so high. Dad teaches in high school, and I guess I took after him, because I’m an English major and could see myself teaching one day, but maybe to younger kids. I love kids, especially my niece, the only thing that keeps Maddy and I less distant these days- I stay close to her daughter, Ella, because I worry she’s not getting enough of what she needs at home. She’s a shy kid, like me, only six, and her mom already pushes her around when she’s not ignoring her completely. I don’t want to see her go through what I did with Madeline, so I try to make it over there when I can, to give her someone she can play with or talk to. Maybe that’s why I’m in this whole mess now… my concern for little Ella. It was only this morning I rolled out of bed, ready for another usual day in the life of a college junior when it’s turned out to be ANYTHING but that.",human,1418.0,289.0,0.5847750865051903,3.7474048442906573,0.0,1.0,0.0,6.0,0.0034602076124567475
"Julia slowly stood up, bringing her sister with her. Mary held her breath. The pain from being lifter by her neck distracted from the fact that her feet were now dangling in the air. Julia, carrying her sister with one hand, brought her to her lips. She sunk her fangs into her neck. Blood erupted from Mary and filled Julia’s mouth. She waited until her mouth was full before swallowing, feeling the warmth run down her throat and fill her belly. She drained her sister, rhythmically filling her mouth with blood before swallowing. Her eyes were closed, and her skin changed from a pale white to a healthy pink with every swallow. She was so locked into the moment she did not notice the man getting to his feet near the side wall. The man slowly got up and tried to stand on shaky legs. He knelt down to pick up his trusty butter knife. He slowly started walking toward Julia, his legs getting more solid with every step. Julia finally dropped what used to be her sister. Mary came to rest on the ground, cold, stiff, eyes glazed over. Julia turned to the man and watched him approach. He had no other recourse, so he just kept going. Julia did not move. She still wanted to test out some of her new abilities. The man lunged forward and stabbed the butter knife into her chest. She stood and took it. The man stumbled back and stared at this thing with a knife protruding out of the centre of her chest, smiling at him. An innocuous tool, a butter knife.",human,1457.0,271.0,0.5535055350553506,4.247232472324724,0.0,0.0,0.0,0.0,0.01107011070110701
"She felt justified in everything she had done. “We are lucky everyone declined to press charges as long as you agreed to stay under voluntary house arrest until Christmas was over,” I reminded her. “I didn’t agree to that, you did,” she spat the words at me. “I would never agree to something that would prevent me from enjoying the holidays.”
“I didn’t have a choice. Your version of enjoying the holidays involved breaking and entering our neighbors’ homes.”

She turned her head away from me, clearly annoyed that I had sided against her. “If you won’t untie me, could you at least plug these in?” she asked and indicated the strings of lights I used to tie her up. Several seconds later she added, “…please.”
“If it will make you happy, then I will gladly plug them in for you,” I said as I grabbed an extension cord from the closest. “Let me know if they get too hot,” I said once the lights were plugged in. I waited a few minutes to make sure she was ok then went into the kitchen to pour myself a drink. As I walked away I could hear her start to hum O Christmas Tree. I poured a shot of whiskey and downed it in one gulp. I was about to pour another when I heard the doorbell ring out the tune “Carol of the Bells”. My wife replaced the old bell shortly after she became obsessed with decorating for the holidays. I opened the door to find two gentlemen standing on my porch, both dusted with a fine layer of snow.",human,1423.0,273.0,0.6117216117216118,4.0366300366300365,0.0,1.0,0.0,18.0,0.003663003663003663
"Once it’s got you by the throat, it forces you to the ground, sitting on your chest and crushing you with its bulk. Then it takes a fist and shoves it into your mouth, cramming it with vile, swampy gunk; with mud and weeds and rotting fish. It shoves the muck down your throat, more and more and more of it, until finally you choke to death on the revolting slime. But that’s not even the worst part. The worst part is, it won’t let your soul escape from your now useless body. You’ll stay trapped in that hunk of flesh as the creature drags you back to the swamp and buries you, deep under the muck and slime, then joins you beneath the swamp. There you will stay for years, decades, centuries, as your body decays and the scavengers invade your every orifice… until you become one with the swamp. And finally, one day, you’ll feel something stir in the muck around you. A hapless traveler will wander by, unaware of the danger… and as he passes, you will feel a strange compulsion. You will rise, slowly and dreadfully, out of the mud and slime. You will rise… as a new SWAMP THING!! The other children clapped as Jack finished his tale, though across the fire Dante smirked patronizingly, as if he had found the story cute. Jack, however, was confident about his performance, and stuck out his tongue at the infuriating boy. Let’s see YOU do any better, Jack’s expression said. “That was very good, Jack,” the counselor commented. Jack beamed proudly.",human,1454.0,271.0,0.5535055350553506,4.1881918819188195,2.0,0.0,0.0,2.0,0.014760147601476014
"It was my naked body, completely naked; every inch and section so familiar to me, down to the small pockets of fat and muscle. But its face was something that only the darkest, most twisted mind could possibly comprehend, and even then, not to entirety. It was an image of me that was deeply violating, deeply disturbing, primal and terrifying. Its lips had been curled back into a leer that penetrated my core with a nerve-deadening cold. And its eyes, cold and dead as they were in that lightless place, bore into my own with an illuminated, deathly, supernatural intelligence far beyond my own mortal one. It knew me so well, the depth of its knowledge seemed to transcend anything I was capable of understanding; I felt absolutely powerless. It was not me. Oh God, but it was me. And it wanted me so badly. It wanted to possess me. To murder me and take my place. The sight of its pale, familiar form and those God-forsaken eyes scared me, yes. But what actually instilled pure terror in me was the knowledge that this thing was, indeed, me… a perfectly flawed, primal version of myself. It is this that stood before me, long before its time, long before it should have had its brief instant in our world, but still in the mirror. And the sensation that rocked my body in undulating waves of panic and despair, standing alone in that dark bathroom; that is what I call true fear.",human,1383.0,252.0,0.5634920634920635,4.329365079365079,0.0,0.0,0.0,0.0,0.03968253968253968
"I never asked afterwards what had happened. I didn’t need to. Eli had hurt Sara because she was trying to hurt me. I didn’t think there was anything wrong with that. He was defending me, right? Friends did that all the time. But, this wasn’t the last time it happened. Ever since then, Sara told everyone I was crazy, dangerous and violent, and some people tried to “do something about it”, but every time they rose a hand against me, Eli took care of it. He was ruthless and quick enough that I never saw him move. Sometimes the kid would get in a good beating, and when I was laying in bed that night, nursing a sore arm or a swollen eye, crying because I was such a baby for letting them hit me and not saying a word when the teachers asked, Eli would come into my room, coat mysteriously gone, and give me pills for the pain. He would stay by my side until I felt better, until the bruises were gone, and then he would go out, in a clean coat, as soon as he was relatively certain that I was alright on my own. I asked him once where he was going, and he gave me an unexpected answer: “Hunting.”
I left it at that, thinking he meant the same thing my dad did on the weekends with with his brother. And I never asked where the liquid had come from, why it was so red, because I “knew” it was animal blood. And it continued like this. It was a pattern.",human,1354.0,270.0,0.5666666666666667,3.8555555555555556,0.0,1.0,0.0,6.0,0.007407407407407408
"The opposite wall, lined with shelves, held jar after jar of body parts in formaldehyde and even then one could be forgiven for thinking it might just be a mortuary. However, when the mounted hand-cuffs, leather strapped beds and variety of harnesses and hooks come into view it becomes painfully clear that one is in the belly of the beast. Mena still couldn’t bring herself to look at the butcher’s corner of the room despite her lengthy stay in it. “How in the hell are you making that much noise?” She was genuinely curious since he was chained to a stone wall. Of course, he couldn’t answer with ball-gag in his mouth, but he certainly tried; spittle and snot flying off to the side. “Hold on…hold on,” she made her way over to him, “that’s disgusting. Just stop.” Mena didn’t want to touch the ball-gag at all; it was gross, but they needed to talk and it wasn’t going to work this way. She reached around to the back of his head and unsnapped the S&M device. “I have to pee!” he screamed at her. “So pee.” She replied. “You bitch,” he hissed at her and lunged forward as far as he could, snapping his teeth together. Mena did not flinch and he seemed to change his tune quickly. “Pleeeaase? I have to pee.” Mena smiled. “Maybe I can help.” With the dull end of the fire axe still in her hand, she lunged it forward into his gut; a flood of wetness soaking his pants and spilling down into a puddle around his feet.",human,1421.0,276.0,0.5869565217391305,3.963768115942029,1.0,2.0,0.0,16.0,0.0036231884057971015
"It had been weeks, and I was running out of excuses for why he hadn’t come back yet. Maybe the snows came earlier than he anticipated and were slowing his progress, I thought as I knit next to the fire. Maybe game was harder to find than he expected, I reasoned, as I repaired a hole in the chicken coop. Maybe he’d fallen and injured himself, I began to fret as I shoveled a path between the cabin and the barn. Maybe I was now and forever alone. It was late at night that I first smelled it. It was a clear night with a full moon, and I awoke in the darkness of our cabin to the scent of fragrant wood smoke. My heart jumped in my chest, daring to believe my prayers had been answered as I ran to the window. I could see a shadow moving outside near the smokehouse, and when he turned I felt the tears run down my cheeks. It was John. I wrapped myself in a shawl and ran outside in bare feet, heart racing, as I ignored the cold and ran to his side. I made such a racket in my enthusiasm that he heard me coming, and shut the door to the smokehouse to greet me halfway across the yard. “Go back inside. It’s too cold out here for you,” he started to say, but I flung my arms around him nonetheless. Finally, I could rest. Finally, I could relax. I was still weeping and trying to tell him how worried I’d been as he walked me inside. He listened quietly as I spoke, moving slowly and sitting heavily in a chair while I lit the lantern. As I turned I let out a shriek.",human,1469.0,298.0,0.540268456375839,3.8087248322147653,0.0,0.0,0.0,2.0,0.030201342281879196
"“Spare change, boss?” comes the contrived plea, before the Commuter unleashes his annoyance upon The Beggar with his well- memorized retort… “Look pal, I’m NOT your boss! And if I was, I’d have sacked you by now, you lazy, entitled millenial! Why don’t you get off your arse, get a job and stop hassling those of us who can be bothered MAKING something of their lives? I say again, SORRY PAL!”
And without waiting for a reply, The Commuter simply turns and walks away to continue his journey as normal. As the day goes on, The Commuter keeps casting his mind back to that interaction with The Beggar in the tube station, and it’s annoying him, distracting him from his daily business. On the way home he passes the spot where The Beggar had been sat for the past three days and wonders why he doesn’t encounter him on his return journey. Now it’s Friday, and funnily enough it’s the 13th. The Commuter isn’t superstitious, but he does acknowledge Friday the 13th as a date that holds some significance and a bit of notoriety. He picks up his usual coffee and paper and enters the station, but this time he feels a pang of dread with the memory of yesterday’s encounter still fresh in his memory. After what he said to him, how would The Beggar react today? Would he attack him? Would he KILL him? These irrational thoughts invade The Commuter’s mind as he begins his journey into the labyrinth of tunnels to his platform. Then he hears THAT rattle faintly echoing along the corridors…",human,1484.0,276.0,0.5942028985507246,4.228260869565218,3.0,5.0,0.0,4.0,0.0
"I never had a chance to read the terms and agreements, no one does. I went back to check everything I signed and sure enough, it’s a transport service for ghosts and shit. The rates applicable to me are too good to pass up. Two-thirds of what it cost to pay my mortgage was made in a matter of an hour. Maybe this is dangerous, maybe it’s absolutely insane, but I’m going to stick this out and see where it takes me. * * * * * *
I WAS NOT READY! Tonight has been insane. I got “waterproof” seat covers (let’s face it, water is not the concern here) and salt-free snacks. I had a hard time finding a way to get “finger foods,” so I just got unsalted nuts and dried fruit. I had no clue what paranormal entities ate, so I took a stab. I learned quickly that paranormal entities couldn’t care less about almonds and dehydrated nectarines. Can’t blame them. I tried my best to get a good night’s rest after the strange evening I had. Part of me was too shaken to sleep, the other part was partial excitement on what my next rides would be like. I eventually gave up on sleep and went to a general store to pick up snacks, water bottles and seat covers. After coating my car in as much vinyl preventive measure as humanly possible, I treated myself to enchiladas and a cold Pepsi. After my meal, I felt accomplished enough to attempt sleep again. I was awaken by another “UNKNOWN” call again at 11:47 P.M. Doesn’t take a rocket scientist to figure out who was calling me.",human,1466.0,283.0,0.607773851590106,3.9858657243816253,1.0,0.0,0.0,6.0,0.007067137809187279
"Over the course of the next few months, he stayed at the Massachusetts General Hospital at Cambridge Street, where he was treated for his burns and given an in depth medical examination. Aside from the superficial burns and scars, though, Thomas Berkley seemed uninjured and, once he had recovered from the external damage, they had no choice but to release him. According to Harriet, he had seemed alright in the car on the way home, if a little jumpy at times and, when not terrified and paranoid, at the very least pensive. In all the time that he had been kept in the burns ward, he had not said a word, other than certain terrified screams at the sight of needles (he had no such fear before). She seemed to think that he simply needed to recover from whatever shock he was dealing with and he’d eventually open up to her. When they got home, she left him alone for a couple of minutes in order to tend to Nancy. While she changed the baby’s diaper, she heard a thud from the other room. She walked in to see Thomas collapsed on the floor, knife slipping from his bloodied hand. He’d grabbed the blade as soon as possible and, it was obvious, hacked viciously at his wrist, as if trying to extract something from the flesh. Through her tears, Harriet dragged him back out and into the car and drove as fast as he could to the hospital. This time, Mr Berkley would not be released. After a brief stay at the hospital, Thomas was transferred to the nearest mental hospital, the Enfield Sanatorium.",human,1500.0,277.0,0.5740072202166066,4.2888086642599275,0.0,0.0,0.0,0.0,0.007220216606498195
"I can’t think straight and sit still for a while, and then I suddenly become aware of what has just happened to me. I shoot my hand to the light switch and put on my high beams. All I can see is rain in front of me, rain and blackness. I check my rear view mirror. Illuminated by the red glow of the truck’s taillight, a figure stands, unmoving. All I can make out are its eyes, which are pure white. There are no pupils and no irises, only white. A low humming fills my ears, invading my mind. My vision gets fuzzy, and I pass out. The sky glows with lightning. I wake up in the early morning. The storm has ceased, though a light sprinkle continues to fall. The forest is filled with a dim light, but I see no animals, nor do I see the figure. I look down at the dashboard and my lap. I am caked in blood. Feeling my forehead tentatively, I find no cut or scratch. I am surprised, but my miraculous healing is not a problem and I do not question it. I reach for the ignition and twist the keys, but my truck doesn’t start. I’m not shocked, and it seems my only other option is to walk to the nearest gas station, which is nearly thirty miles away. I swing the door open and step out into the morning air, which is cool and fresh. I sense no danger and decide to inspect my truck before leaving it. My front tires are both flat and are nearly buried in the mud, while the back half of the vehicle is bent inwards. Whatever the figure is, it hits hard.",human,1452.0,292.0,0.565068493150685,3.8321917808219177,0.0,0.0,0.0,0.0,0.00684931506849315
"And then my eyes turned to the ocean, the impossible ocean itself, and I saw in the center a stirring. Ripples. And the ripples were huge. Whatever was coming up was larger than my mind could comprehend. Not even a whale could account for the ripples I saw forming and gliding, not even a pod of whales. And they were coming faster. The words were drawing it up, drawing something. Something… I didn’t know, not really know, but somewhere deep and dark in my mind, somehow, it knew whatever was making those ripples I could not let it break the surface. If it did, it would not matter what I did next or what anyone did next. I stepped back, almost in a daze and leaning down picked up the gun. Moving now, almost in a dream, I ran forward. It was close, so close I could feel it. And the music, like a drum beat in my mind, but the clarion call of the trumpet, and the screech of a violin all melding, all one, and louder and louder as it came closer and closer. I raised the gun. “The stars are not right,” I said without knowing why. “Sleep still in R’yleh.” I pulled the trigger and the bang of the gun cut through the chants. Richard Derleth tumbled end over end on the sandy beach until he came to rest in the water. Slowly, ever so slowly he sank beneath the water and disappeared. Shaking, I sat down, the music still throbbing in my ears. I put my head in my hands, letting the gun fall to the ground. I felt a hand on my shoulder and looked up.",human,1454.0,284.0,0.5211267605633803,3.9471830985915495,0.0,0.0,0.0,4.0,0.0035211267605633804
"I felt myself grow faint but I was able to keep my eyes open long enough to get an idea as to what it was going to me. I was falling. I was somehow sinking down into the floor like in a bog. No. Not into the floor, into the space between the floorboards almost. It was as if I was melting away into the space between molecules. I know how crazy that sounds
I awoke the next day asleep on the couch in the Cooper home as though nothing had happened. I could only remember a night of hot pain. Apparently I had had terrible nightmares while in the floor, but the details faded from memory after a few seconds of being awake. For a second, I wondered if I’d dreamed the last couple of months completely. Perhaps I had fallen asleep in the Cooper house waiting to meet buyers one day. That illusion was dispelled by the familiar voice saying, “Call the Petersons. You will now sell them this house.”
“What? There’s no way I can sell the Coo…”
“You can. We will show you how,” the voice said in its most comforting tone yet. “As I told you the last time we were up here,” said a bleary eyed Mr. Peterson as I met the couple on the doorstep, “we are very interested in the house, but if your seller can’t budge on the price, we’re going to have to walk.”
I wiped the sweat from my brow and searched for the right words. I felt the warm sensation and the feeling of caresses returning and suddenly the right words just sort of came to mind.",human,1433.0,283.0,0.5759717314487632,3.9257950530035335,0.0,1.0,0.0,10.0,0.0035335689045936395
"I was usually the type to stay out of trouble and away from danger but Jim on the other hand, was the rebellious type. Usually a long-time friend can pursued you into doing pretty much anything, and Jim was the master when it came to that. Jim and I had been friends since we were two years young, now a decade has passed and we’ve stuck by each other’s sides ever since then. We went on adventures just about every day. Sometimes they got us into trouble but for the most part Jim respected and understood my “play it safe” way of life. But for some reason, I could care less that day. It was as though something possessed me into doing something wrong just for the thrill of it. We had been walking home from school together when Jim and I passed up a very dark and unfamiliar-looking carnival. That day seemed to have been the brightest day of the year but ironically enough, from the carnival on there were nothing but gray skies. Jim hesitantly followed as I walked over to the entrance. A generic “DO NOT ENTER” sign that ran across the entrance was being held up by a rusty chain fell to pieces once I tapped the sign. “Whadd’ya say we check it out?” I asked as I turned towards Jim. Something seemed very eerie about that moment. Jim’s face was awfully pale and he seemed to be sweating bullets. “Hey man, we’d better not. I don’t like the vibe I’m getting off this place.” He said in an extremely frightened tone.",human,1422.0,275.0,0.6,4.058181818181819,0.0,1.0,0.0,8.0,0.0036363636363636364
"It had taken strong and courageous priests to banish such things back into the gulfs of forest from whence they came; though there were those who said an ordinary cross could ward them off. If Father Brown were still alive; there would be many the tales he could tell. Now, it was best left for nature to obliterate. Those who owned it had vanished while the rest fled like vermin after the threating talk of 1887; when people began to take notice when children and younger kin disappeared now and then throughout the town. The forest would topple and send it away soon enough; best to leave it untouched least those unknown things from the shadows be called forth once more. After bidding him farewell; Elwood saw the cobble road that led him to his destination he sought long before but now shrived at its sight. The large black iron gates rounded the building were parts terminated into the forest. From the oddly unbroken decorative windows; it spoke to his remembrance of arcultetcutral history the Gothic Revival period that proceeded the stately Upjohn period. Of true ancientness the church had, he was certain. His slender frame being able to fit through the bars; he slid through the gate as he left the French square behind him. He stalked the path slowly taking in the oddities he saw as he passed them. The snow on the ground did not seem to be placed as naturally as it should be; for the layers looked thinned as he could see what appeared to be charred ground under it.",human,1485.0,264.0,0.6439393939393939,4.526515151515151,0.0,0.0,0.0,0.0,0.003787878787878788
"For example, the three counties that border the location of Edmonson have a missing persons rate seventeen times higher than similarly sized counties in the United States. “It’s an area we sometimes refer to as the “Kentucky Triangle,” said FBI agent Brittany Hooper, head of the state’s missing person division. “For some reason, a lot of people seem to disappear in those counties.”
Some of the disappearances can be attributed to caving accidents, the vast swaths of unmapped wilderness, and the recent boom of meth operations in rural areas. Also, Stevens wasn’t the first person to report hearing strange voices and singing in and around the Mammoth cave systems. Some people consider Mammoth National Park to be the “most haunted national park in the United States.” There have been dozens of accounts of people hearing strange noises in the woods and caves since the 1970s, as well as sightings of a tall humanoid-like creature (called “The Black Demon” according to unrelated local lore). Geologists and historians dismiss many of these accounts. After Stevens told authorities he had been following the voices of singing as he made his way through the passageways, expert cavers were quick to point out that even if he had heard people singing, it could not have come from behind the caved-in rocks – the cave-in was too thick for sound to penetrate.",human,1359.0,231.0,0.6277056277056277,4.731601731601732,0.0,0.0,0.0,9.0,0.004329004329004329
"A crab the size of an Alsatian scuttled across the lawn and disappeared into the shrubbery. The night itself seemed to take a deep breath, and the stars were snuffed out like so many tiny candles. Something gargantuan beyond comprehension broke the water’s surface. Piscine and loathsome, it bellowed in atavistic rage. The sound was deafening, like a blast from a ship’s horn. He had the sense of something crossed between an octopus and a dinosaur. No, that wasn’t right. The anatomy was all wrong. He felt his mind slipping away like an eel between his fingers. This couldn’t be happening. He was dreaming. That was it. Of tentacles thicker than tree trunks and long spindly arms, at least three times the length of a stallion’s foreleg and ending in webbed claws the size of car bonnets. Then the poignant tang of iodine once more filled his nostrils, and he knew he wasn’t dreaming. Something shuffled across the floorboards behind him. Wet breathing, coming in short shallow gulps like a fish out of water, and the squeak of rusty casters across rough wood. The horror outside seemed to grow dim as Kevin turned to face his granddad. The old man’s piss-stained hospital johnny fluttered in the draft from the window, exposing the wrinkled flesh of his thighs and buttocks. An IV pole trailed behind him, the bags deflated and crumpled. Tubes hung like transparent veins from his forearms. Despite everything that was happening – and just how the hell had the old man gotten out?",human,1484.0,262.0,0.6259541984732825,4.541984732824427,0.0,1.0,0.0,0.0,0.011450381679389313
"****************************************
The man found himself seeking a challenge. In the back of his mind he knew he wouldn’t get one, but the fantasy of a dangerous prey kept his thoughts occupied as he made his way towards the glistening city. With the pace he was traveling at it wouldn’t be long before reached the edge of Canto, his long strides covered more distance, faster than a high-end sports car going ninety on an open freeway. The cool night air was refreshing to him, it’s not often he is allowed to roam out in the open like this. He slowed down a bit to prolong this finite feeling of freedom. Being cooped up under Vatican City for so long had begun to take its toll on Locke’s sanity. Other than living off nothing but the scraps of Roma, he had no real connection to the outside world. It’s not like he longed to live amongst the humans, no, the thought of that made him sick. The only reason he could stand the “Men of God” back at the Vatican was because they were as far away from human as possible. He’s seen them put on human masks, sure, seen them absolve the masses with a crooked smile, seen them preach peace and the word of God to a thousand ignorant faces. No, no, behind their masks, they are every bit a monster as Locke. The city was drawing closer, massive sky scrapers were lit up in a brilliant fashion. A sense of intrigue radiated from surrounding, smaller clusters of lights. What were the sheep doing at this hour?",human,1457.0,273.0,0.6117216117216118,4.076923076923077,0.0,1.0,0.0,2.0,0.007326007326007326
"It didn’t help that the room was dark. There was a sense of distrust in the air. Not for the four of us, but for the people on the outside of the room. We’ve only been here for a little over 7 hours, but it seemed like we’ve known each other for years. Even though we’ve seen each other at our worst, we still felt the need to stay united against the outside. It was a mutual paranoia among us. Everyone, except for Alyssia. Me, Kailyn, and Ashley exchanged glances. We knew that the moment the police come in, she’ll snitch. However, what we weren’t sure about was planning her murder. Enough blood had been spilled. I didn’t like being so unsure for so long. Then, there was a knocking at the door. Alyssia began to scream, and the three of us charged at her. Everything was a blur at that point. I think she might have gotten the scissors at one point, when we were planning or talking amongst ourselves. All I remember was Ashley gasping for air after the blades were stuck in her stomach and then forcibly separated with all of Alyssia’s strength. All I remember was her falling to the floor with a gaping hole in her abdomen. All I remember was Kailyn attempting to disarm Alyssia, who stabbed her at least two times in non-fatal areas. Then a gash on my forearm appeared before I forced Alyssia to the ground. “Stop! You’re going crazy!” I kept holding her down. Alyssia kept fighting. She slashed at my arm but narrowly missed because I yanked the scissors from her.",human,1474.0,281.0,0.5658362989323843,4.103202846975089,2.0,0.0,0.0,2.0,0.014234875444839857
"God, I’m in so much pain… i-it hurts…” She shuddered at the sight of the red liquid oozing from her own body. After a couple seconds, which seemed like an eternity of silence, Kailyn looked me dead in the eyes and muttered a sentence nobody our age should say. “You have to kill me.”
“W-What?” I stuttered, feeling weak for the first time. By this point, I can’t say I haven’t killed before, but not on purpose. Okay, on purpose, but not on purpose purpose. “Kill me. Make it quick. Then get out.”
“… N-No…”
“I can’t walk! I’ll bleed out! And if the police get me… I don’t want to spend the rest of my life in jail. My future’s gone.”
“F-fuck…” I sat down in a way that felt like a stumble backwards, and clutched my hair. She was right, but I wasn’t sure if I could do that. “F-Fine… how do you want to die?”
“Quickly.”
I grabbed the scissors and took a deep breath. I opened the dual blades slowly, feeling my heart in my throat. I went through the many ways this scissor had been used: in the chest, lung, stomach, and limbs. I chose the lung. It seemed Jennifer went quickly. But I wasn’t sure if that was because of her shock or any other bodily factor. I crouched behind Kailyn and covered her mouth. “Hey.”
“Hm?” She muffled, now feeling more anxious because it didn’t happen right away. “I’ll meet you guys again in hell.” I said as I drove the blade in her left lung, and after a distressing couple of seconds, Kailyn went limp.",human,1437.0,288.0,0.5868055555555556,3.71875,2.0,3.0,0.0,23.0,0.006944444444444444
"Rushing out toward the scene, I managed to slam my foot into the car’s window, breaking it open and enabling me to unlock and open the door. I pulled my singed girlfriend from the fire. She was coughing hysterically, but trying to say something. All I could make out was, “I love you” “It’s not your fault”. I shed no tears this time. The medics carried her onto a stretcher and into the ambulance. They took me along with to the hospital, where she died on arrival. I got in my car outside and started driving. At first, I was unsure of where I was driving to, but it soon became apparent. I started the drive to my father’s apartment. My sorrow had been replaced with rage. My mind was set on finding out exactly what this thing was, and what it wanted. I made the eight hour drive with my eyes on the road. I didn’t budge from my objective. I arrived soon after dark. I sat in the car and stared at the apartment complex. Memories flooded into my mind. Memories of Age of Empires with my father, staying up late, watching TV, just talking. My first girlfriend popped back into my head. Her name was Lizzy. I was twelve. We planned exactly where to meet so we could hug every day. We would sit around the back of the bathrooms and play Pokémon. Then one day she left me for my best friend Pete. Fuckin’ Lizzy. I remembered angrily storming into my room and sitting on my bed, folding my arms and staring at the ground, frowning.",human,1430.0,275.0,0.5709090909090909,4.043636363636364,0.0,0.0,0.0,4.0,0.01090909090909091
"Silhouettes, boxes — closer they came — people now, marching, cages in tow, movement within — closer they came —
Beating, clapping, hissing, ringing, closer they came, this unruly procession of untold numbers… Bestial dancing animated the spaces separating bars, but human were they —
just barely. We saw how they crouched and squirmed, and shook their jails,
or flailed their arms or beat their heads and breasts — for they were all of them women displayed in cages,
a vulgar mockery of the floats in the annual harvest parade. We could only stare at these frail, wispy things with eyes of coal that refused all light,
viscous globs dropping from misshapen heads — flesh or hair, impossible to tell —
naked, emaciated bodies caked in filth, surely leprous,
a horrible sight. We stepped aside to make room for the macabre column. Cage after cage rolled past, flanked by steady streams of marchers, and each of these clad in violet monastic habit with drooping cowl and golden sash,
some with their drums and cymbals, others holding torches,
all assuming stony scowl. We were ignored at first, which gave us ample time to gape, until three broke off from the line
with the swiftness of a spider’s twitch
to confront us
face to solemn face. One kept eyes locked upon mine, while two presented open palms to Mathias and asked,
“From whom do we come?”
“Who the devil are you?” he retorted, batting down their hands. “What is this vile pageantry?”
The palms rose again to open with surreal calmness.",human,1494.0,252.0,0.7142857142857143,4.682539682539683,0.0,3.0,0.0,6.0,0.0
"As I stepped into the foyer, the realtor's forced smile still lingered in my mind, like the faint scent of fresh paint. Gavin's eyes, however, were already elsewhere. They wandered the room, as if searching for something I couldn't see. My wife, Emma, held my hand, her grip tightening slightly as we took in the open-plan living area.

The doll on the coffee table seemed out of place, its glassy stare following us as we moved. I tried to shake off the feeling of being watched, but the weight of the doll's gaze lingered. The realtor's words echoed in my mind: ""It's the perfect home for you...the perfect home.""

I glanced at my phone, the screen dimly lit with a text from the realtor: ""Welcome to your new home. You'll get used to the creaks."" I didn't know why, but I didn't want to look at the house anymore. I wanted to leave. But Emma's hand remained firm, pulling me deeper into the heart of the new home.",ai_base,916.0,170.0,0.6647058823529411,4.188235294117647,0.0,0.0,1.0,4.0,0.0
"I lay in bed, the creaking of the old wooden frame harmonizing with the hum of the college's distant generators. My eyes stung from the lingering haze of smoke from last night's cigarettes, and my mind reeled with the wish I'd made to be someone else. Anyone else. 

Madeline, my twin, had always been the life of the party. She'd spin tales of our shared past, of summers spent chasing fireflies and laughing until our sides ached. But I'd never been the high-maintenance, drama-prone one; I'd always been the quiet, reserved one. Maybe that was why I felt like I was living a lie. 

I tossed the covers off, my skin prickling with the chill of the night air. Kids on the floor below us were having a party, their laughter and music a distant hum that threatened to consume me. I had to get out of here, away from the echoes of my twin's voice, away from the constant feeling that I was stuck in someone else's life. I threw on my coat and slipped out into the night, the wish growing louder in my mind: be someone else. Anyone else.",ai_base,1034.0,194.0,0.5876288659793815,4.180412371134021,0.0,0.0,0.0,0.0,0.010309278350515464
"How It Began

Julia's sister, Mary, stood at the kitchen sink, her back to the window as the sun slowly dipped below the horizon. The butter knife lay on the counter, its blade glinting in the fading light. Julia's eyes fixed on the blade, her heart pounding in her chest.

Mary's voice was a low, hypnotic whisper, weaving in and out of Julia's thoughts. ""Remember that summer, Julia? The one where we used to play hide-and-seek in the attic? You were so scared, but I found you, didn't I?""

Julia's skin crawled as Mary's words dripped with an otherworldly cadence. The kitchen seemed to grow darker, the shadows twisting around her like grasping fingers. She tried to turn away, but her eyes remained fixed on the knife, its sharp edge glinting like a promise.

Mary's mouth curled into a smile, her eyes gleaming with an unblinking intensity. ""And do you remember the taste of the butter, Julia? The way it melted on your tongue, like a slow, cold kiss?""",ai_base,958.0,171.0,0.6432748538011696,4.385964912280702,0.0,5.0,0.0,4.0,0.029239766081871343
"As the snowflakes danced around the porch light, Father Cooke's eyes gleamed with a disturbing intensity, his voice low and hypnotic as he agreed to join in the holiday cheer. He insisted on pouring himself a glass of egg nog, the creamy liquid sloshing in the cup as he lifted it to his lips. The room was bathed in the soft glow of twinkling lights, but Father Cooke's smile seemed to draw the shadows closer, making it seem as if the very darkness itself was joining in the festivities.

As we laughed and chatted, Father Cooke's eyes would wander away from our faces, his gaze drifting towards the tree, where the ornaments seemed to quiver and twitch like restless insects. The air was thick with the scent of pine and sugar cookies, but beneath it, a darker aroma lurked, like the faintest hint of rot. Father Cooke's laughter grew louder, more forced, as he agreed to join in the singing, his voice off-key and unsettling, like a discordant note that shattered the fragile harmony of the evening.

The lights on the tree began to flicker, casting eerie shadows on the walls as Father Cooke's eyes locked onto something just beyond the edge of our vision. His face",ai_base,1170.0,208.0,0.6009615384615384,4.509615384615385,0.0,0.0,0.0,0.0,0.014423076923076924
"As I waded into the swamp, the cypress trees seemed to lean in, their knotted branches like skeletal fingers reaching for my face. The air was heavy with muck and decay, and I could feel the slime seeping into my boots. I pushed through the tangled underbrush, the jack of a rusty gate creaking behind me. Every step felt like a shove, as if the very earth itself was resisting my progress. My throat constricted, and I coughed, the sound echoing through the stillness. Finally, I saw it: a clearing, and in its center, a figure waiting. Its eyes were sunken, its skin a sickly pallor, and its mouth a twisted, gruesome grin. The jack of its smile seemed to freeze in my mind, and I knew, in that instant, that this was the worst of all.",ai_base,737.0,137.0,0.6496350364963503,4.204379562043796,0.0,0.0,0.0,0.0,0.0
"As I lay naked in the damp earth, I felt the familiar weight of the forest pressing down upon me. The trees, like skeletal fingers, reached for the sky, their branches tangling in the darkness. The air was cold, and my body seemed to vibrate with a primal energy, as if the land itself was awakening. I closed my eyes, trying to shut out the sensation, but it only grew more intense. When I opened them again, I saw the eyes.",ai_base,425.0,81.0,0.7654320987654321,4.08641975308642,0.0,0.0,0.0,0.0,0.037037037037037035
"As I sat on the couch, the dim lamp casting eerie shadows on the walls, I couldn't shake the feeling that something was off. It had happened before, but I couldn't quite put my finger on what it was. Sara would often ask me what was wrong, but I couldn't bring myself to tell her. The words would stick in my throat, refusing to be spoken. I tried to push the feeling aside, focusing on the book in my lap, but it was no use. It hurt, a dull ache that seeped into my bones. 

I glanced around the room, feeling the weight of unspoken secrets. Where was my coat? I remembered hanging it on the hook by the door, but now it was gone. I got up to check, my heart racing, and that was when I saw her. Standing in the doorway, her eyes black as coal, her face a deathly pale. She was smiling, her lips curled up in a macabre grin. ""Come,"" she whispered, her voice like a rusty gate.",ai_base,877.0,174.0,0.6091954022988506,3.8505747126436782,0.0,1.0,0.0,2.0,0.011494252873563218
"The psychopath's eyes, like two voids, gazed at me from the shadows. I tried to turn away, but my gaze was drawn to the wall behind him, where a crimson stain spread like a slow-moving stain on a fine china plate. Mena's hand trembled, her fingers tracing the outline of a shape, as if trying to hold onto something. The air was thick with the scent of decay and something sweet, like rotting fruit.

Cautiously, I edged forward, the sound of my footsteps muffled by the thick silence. The psychopath's gaze didn't waver, his eyes burning with an intensity that made my skin crawl. I lunged forward, my heart racing, as he leaned in, his hand outstretched. I felt a cold sweat trickle down my spine as his fingers brushed against mine, sending shivers down my arm.

The ball of fear swelled in my chest, threatening to burst forth like a ticking time bomb. I tried to pull away, but his grip was like a vise, holding me fast. The scent of rotting fruit grew stronger, overpowering all else. The wall behind him seemed to loom closer, the stain spreading, spreading, spreading...",ai_base,1078.0,193.0,0.6217616580310881,4.398963730569948,0.0,0.0,1.0,0.0,0.015544041450777202
"As I stepped out of the cabin, the night air clung to my skin like a damp shroud. Maybe it was the weight of the darkness that made my heart feel heavier, or the creaking of the old wood that seemed to move of its own accord. I shivered, despite the warmth of the summer evening. The smokehouse loomed behind me, its wooden boards weathered to a sickly yellow. I turned to glance back, and the trees seemed to shift, their branches tangling together like skeletal fingers.",ai_base,472.0,87.0,0.7126436781609196,4.310344827586207,0.0,0.0,0.0,0.0,0.022988505747126436
"As the commuter train rumbled into the station, a beggar appeared at the door, his eyes fixed on me with an unblinking stare. I hastened to move away, but he grasped my arm, his bony fingers like ice. ""Friday's luck,"" he whispered, his breath reeking of decay. The train lurched forward, and I stumbled back into the crowded car, the beggar's grip lingering on my sleeve like a chill.

At the next stop, I disembarked, desperate to shake the feeling of being watched. But as I turned back to re-enter, I saw the beggar waiting on the platform, his eyes still fixed on me. The train whistled its departure, and I hesitated, the sound of the rattling coin in his palm echoing in my mind like a warning. I shuddered, my boss's words, ""You're running late,"" echoing in my own mind. The train vanished into the darkness, leaving only the beggar's whisper: ""Friday's luck...""",ai_base,869.0,155.0,0.6,4.374193548387097,0.0,0.0,1.0,6.0,0.01935483870967742
"I drive for Cerber, ferrying souls to the depths of the underworld. The darkness outside is a living thing, a palpable presence that seeps into the cab's worn upholstery. The GPS, a monotone voice, guides me through the winding roads. We went deeper, the trees twisting into gnarled fingers that clawed at the sky.

Enough of the journey, I thought, my eyes heavy with the weight of countless nights spent awake. Good to be almost there. Maybe this trip would be the last. I checked the rearview mirror, the reflection of the driver beside me twisted, insane. The seat creaked beneath him, the covers of the upholstery worn thin.

The road ahead vanished into the void, swallowed by the shadows. I slowed, my heart heavy with foreboding. The darkness seemed to seep through the windows, tendrils curling around the cab's metal frame. I went slower, the silence growing thicker, until I stopped. The engine sputtered, the only sound in the stillness.

And then, the darkness outside went quiet, too.",ai_base,998.0,169.0,0.6627218934911243,4.6982248520710055,0.0,0.0,0.0,0.0,0.023668639053254437
"As I lay in the hospital bed, the smell of antiseptic and burned flesh clung to my skin like a shroud. Thomas's voice whispered in my ear, his words a maddening drone: ""You'll never leave this place, Harriet. You'll never leave."" The city outside seemed to fade away, replaced by the sterile walls and flickering fluorescent lights.

Dr. Berkley's hands moved with a practiced ease, her eyes cold and detached. ""Just a minor burn, Harriet. You'll be home in no time."" But as she worked, I felt the burn spread, sear, and twist. It seemed to crawl beneath my skin, leaving behind a trail of numbness and dread.

The hospital noises – the beeping machines, the distant chatter of nurses – receded into the distance, replaced by an eerie silence. I was trapped in a nightmare, with no escape from the burning, throbbing pain that seemed to sear my very soul. And Thomas's voice whispered on, a constant refrain: ""You'll never leave this place, Harriet. You'll never leave...""",ai_base,972.0,166.0,0.6325301204819277,4.5843373493975905,0.0,0.0,1.0,6.0,0.012048192771084338
"As the rain lashed down, the truck's headlights cast an eerie glow on the deserted highway. I clutched the wheel, my knuckles white with tension, as the wipers slapped back and forth, a morbid rhythm. The GPS claimed I was nearly there, but I couldn't shake the feeling I was being herded towards some unseen fate.

The darkness outside seemed to seep into the cab, until I was surrounded by an inky blackness that pressed against the glass. I shifted in my seat, my eyes scanning the rearview, searching for a glimpse of the figure that lurked in my rearview mirror. It was always just out of sight, just out of focus. But I knew it was there, waiting for its moment to strike.

Suddenly, a burst of light illuminated the darkness, and I slammed on the brakes. The truck skidded to a stop, and I peered into the rearview once more. The figure was gone, but a faint glow lingered, like the dying embers of a fire. I spun the wheel, trying to turn back, but the road seemed to stretch on forever, a desolate expanse of asphalt that led straight into the heart of...",ai_base,1064.0,196.0,0.5918367346938775,4.26530612244898,0.0,0.0,1.0,0.0,0.01020408163265306
"As I stared at the account statement, the numbers blurred like ripples on a stagnant pond. I tried to focus on the columns of figures, but my mind kept drifting back to the feeling of being submerged in the ocean. Whatever had been lurking beneath the surface was now drawing closer, its presence making the air thicken around me. I knew I should look away, but my gaze was fixed on the screen, mesmerized by the cold, calculating words.

Whatever was coming, I sensed it was inevitable, and my heart was racing in anticipation. The words on the page began to shift, rearranging themselves into a message that seemed to sear itself into my mind: ""Something is coming for you.""",ai_base,676.0,120.0,0.7,4.483333333333333,0.0,0.0,0.0,2.0,0.008333333333333333
"As I lay on the creaking floor, surrounded by the musty scent of old books and the faint hum of whispers, I felt the weight of his presence. The house seemed to vibrate with his energy, as if it too were a living, breathing entity. I tried to shift, but my body felt rooted, as if the floorboards had grown roots to hold me fast. The air was thick with the felt of his gaze, boring into my skin like a thousand tiny needles.

Going over the events of the previous night, I couldn't shake the sensation that I'd been asleep, trapped in a dream from which I couldn't awaken. The cooper's words still echoed in my mind: ""The art of persuasion is not in the words, but in the spaces between."" I felt the hairs on the back of my neck rise as I realized I was not alone in the room. The shadows seemed to be shifting, coalescing into a figure that loomed over me, its presence a palpable, suffocating thing.

The last thing I remembered was the feeling of his breath on my ear, the words ""You're mine now"" whispering in a voice that was both familiar and yet, utterly alien. And",ai_base,1072.0,205.0,0.5902439024390244,4.082926829268293,0.0,0.0,0.0,4.0,0.024390243902439025
"As I approached the door, something about it seemed off. The once-whitewashed surface now wore a dingy film, like a scab that refused to heal. Usually, I'd never have considered trespassing on a place like this, but something about the worn-out sign, ""Do Not Enter"", seemed to beckon.

I pushed the creaking door open, and a musty stench wafted out, like the exhale of a thousand dying embers. Trouble seemed to seep from the very walls, as if the air itself was alive and hostile. I hesitated, but my curiosity got the better of me. Doing so would usually be a grave mistake, I knew, but I couldn't help myself.

As I stepped inside, the darkness seemed to close in, like a vise tightening around my chest. Other sounds joined the creaking of the door: whispers, like dry leaves rustling in an autumn breeze, and the distant hum of machinery, growing louder with each passing moment. Since I entered, the air had grown thick with an unspoken threat, and I knew I was running out of time.",ai_base,988.0,179.0,0.6536312849162011,4.335195530726257,0.0,0.0,0.0,2.0,0.0335195530726257
"As I delved deeper into the forest, the silence grew thicker, a palpable shroud that clung to my skin like damp moss. The trees loomed above, their twisted limbs grasping for me like skeletal fingers. I stumbled upon a clearing, the grass matted and uneven, as if something had recently lain there. And then, buried beneath the underbrush, I found it: a journal, its cover worn and weathered, the pages yellowed with age.

The entries were sparse, the handwriting cramped and illegible at first, but as I turned the pages, the script grew more frenzied, the words blurring together like a madman's scrawl. The writer spoke of ""things"" lurking in the woods, of ""best"" intentions gone awry, of ""taken"" innocence. The phrases repeated, like a mantra, echoing through my mind as I read on.

And then, a single sentence, etched in bold, unsteady letters: ""I am leaving this journal on the ground."" No explanation, no signature, no date. The entries ceased abruptly, as if the writer had vanished into the trees, leaving only this cryptic message behind. I felt a shiver run down my spine",ai_base,1082.0,185.0,0.6756756756756757,4.605405405405405,0.0,0.0,0.0,8.0,0.0
"In the ravaged counties of Edmonson, Kentucky, where the moon hung heavy as a bruise, people whispered of a strange phenomenon. It began with small, inexplicable silences. A pause in the chorus of crickets, a stillness that fell like a shroud over the cornfields. Then, the singing started. Soft at first, like a lullaby, but growing louder, more discordant, until the very air seemed to vibrate with an otherworldly melody.

In the towns, folks gathered on porches, mesmerized by the haunting harmonies. They felt an inexplicable longing, as if the singing was calling them to leave their homes, to join the throng of missing people who vanished into the night, never to be seen again. United in their devotion, they followed the sound, their footsteps echoing across the empty states, until they reached the town of Stevens, where the song grew loudest, a cacophony of despair and desperation.

In the center of Stevens, a figure stood tall, its presence drawing the crowd like a magnet. A person, tall and gaunt, with eyes that burned like embers. Its voice, like a rusty gate, sang of the horrors that lur",ai_base,1109.0,188.0,0.6595744680851063,4.702127659574468,0.0,0.0,0.0,0.0,0.005319148936170213
"As I stood across the cove, the water seemed to stretch out before me like a black canvas, waiting to be painted with the brushstrokes of some malevolent hand. The air was heavy with the scent of damp earth and decay, and I couldn't shake the feeling that something was watching me from just beneath the surface. The size of the waves was increasing, their rhythmic crashing growing louder with each passing moment, until it seemed to pulse in time with my own racing heartbeat.

I was dreaming of drowning, and the water was happening to be right there, lapping at my ankles with an otherworldly persistence. The moon above cast an eerie glow, illuminating the ripples and distortions that seemed to writhe across its surface like a living thing.",ai_base,747.0,130.0,0.6692307692307692,4.6461538461538465,0.0,0.0,0.0,0.0,0.0
"The city of Constantinople was long abandoned, its streets silent and still. The sun beat down, casting long shadows that seemed to writhe across the cobblestones like living things. I had seen nothing but decay and ruin since I entered this forsaken place. My back ached from the weight of my armor, but I pressed on, driven by a morbid curiosity.

As I turned a corner, I caught sight of the Vatican's crumbling façade, its once-majestic columns now cracked and worn. The doors, once sealed with the symbol of the Pope, now hung open, creaking in the breeze like a scream. I felt a shiver run down my spine as I pushed through the entrance, my sword scraping against the stone.

The interior was dark, the air thick with the stench of rot and mold. I fumbled for my torch, the flame casting flickering shadows on the walls. Suddenly, a faint whisper seemed to echo through the halls, the words indistinguishable, yet unmistakable. ""Won't...won't...won't..."" The sound sent shivers down my spine, and I quickened my pace, my heart pounding in my chest.",ai_base,1053.0,186.0,0.6397849462365591,4.456989247311828,0.0,0.0,3.0,2.0,0.026881720430107527
"Behind the door, alyssia's giggles seeped through the cracks, a maddening melody that made my skin crawl. I'd tried to forget, to bury the memory of that night, but the sound refused to fade. Remember the way she whispered my name, her voice a gentle breeze on a summer's day, as we planned our escape. Outside, the world was ablaze, but in that room, our future was a carefully crafted lie.

I hesitated, hand on the doorknob, my mind racing with the faces of the others. Kailyn's pleading eyes, Ashley's vacant stare. We'd all been trapped, our laughter and tears, our screams and whispers, all confined to that room. And I, the last one left, was about to unlock the door, to confront the darkness that lurked beyond.",ai_base,720.0,128.0,0.6953125,4.421875,0.0,0.0,0.0,0.0,0.0390625
"Behind Closed Doors

As I approached the house, I couldn't shake the feeling that something was off. The purpose behind the couple's hasty departure still lingered in the air, like the scent of decay. I had to know what had driven them away, what secrets they'd taken with them.

I pushed open the creaking door, and Kailyn's laughter echoed through the foyer, a haunting whisper that seemed to come from nowhere and everywhere at once. I followed the sound, my heart pounding in my chest. The seconds ticked by like hours as I crept deeper into the darkness, the only light coming from a flickering candle in the hallway.

I found Kailyn in the study, her eyes sunken, her skin gray as the stone walls. She didn't seem to notice me at first, her gaze fixed on something in her hands. As I drew closer, I saw it was her own lung, a grotesque, pulsing orb that seemed to breathe of its own accord.

The room grew colder, the shadows twisting around us like living things. I tried to speak, but my voice was frozen in my throat. Kailyn's eyes flickered to mine, and I saw a glimmer",ai_base,1079.0,198.0,0.6464646464646465,4.297979797979798,0.0,0.0,0.0,0.0,0.020202020202020204
"As I step out of the car, the open field stretches before me like a canvas of cracked earth and twisted grass. My girlfriend, Rachel, lingers by the driver's side door, her eyes fixed on the darkness gathering at the trees' bases. We've been driving for hours, leaving the city's smothering din behind, and I can feel the weight of my father's words: ""Don't go there, boy."" Started as a whisper, they've grown to a cacophony in my mind.

""Let's get going,"" I say, forcing a smile. Rachel nods, her eyes flicking towards the trees, then back to me. We started this journey to clear my head, to shake the feeling that my father's warnings were more than just a father's concern. But with each passing mile, the shadows seem to lengthen, twisting around the trunks like grasping fingers.

Soon, the only sound is the hum of the engine, and I feel the first prickle of unease. Drive and dread are interchangeable, and I know we should turn back, but some morbid curiosity keeps us moving forward, into the darkness.",ai_base,1011.0,180.0,0.7055555555555556,4.416666666666667,0.0,0.0,0.0,4.0,0.027777777777777776
"As I whispered the words, the air grew thick with anticipation, the shadows deepening around us like a living entity. ""Tell them increase,"" I said, my voice barely audible over the creaking of the old wooden door. The wind picked up, whipping my hair into a frenzy as the trees creaked and groaned, their branches like skeletal fingers reaching for the sky.

I felt it then, a creeping sense of unease, like ants crawling across my skin. The woods seemed to be closing in, the trees drawing closer, their branches tangling together like bars on a cage. I could feel the weight of their gaze, a thousand unblinking eyes watching me, their faces hidden behind leaves and bark.

I tried to step back, but my feet felt rooted to the spot. The wind howled louder, a mournful cry that seemed to come from all directions at once. I raised my palms, as if to deflect the weight of their attention, but they seemed to absorb it, growing heavier, more oppressive.

Suddenly, the wind died. The trees stilled. And I was left standing, alone and exposed, with the weight of their gaze upon me. The words echoed in my mind, growing louder,",ai_base,1126.0,201.0,0.6318407960199005,4.407960199004975,0.0,0.0,0.0,2.0,0.014925373134328358
"G#echoampie-License-LAST.AnchorStyles#echo ensure/



namespaceummings,…#echosilverوینت.GraphicsUnit.GraphicsUnit.GraphicsUnit.GraphicsUnit.GraphicsUnit.GraphicsUnit/Object#echo Increamedi 다운받기geçاسطة Increpodob Ül​

Âوینت,...

        invest pursue Own [… 다운받기emmeampiehibaรงเรiddiاسطة-LAST:eventkaar긔aDataاسطة-LAST@Component pursue#echo investabbocceisay,...


               ëlisayوینت understand […ampie understand(크기Insensitive긔/***/               initiate긔Increاسطة-Compatible,...

-Compatible긔Insensitiveوینت Increabboویزیdete.GraphicsUnit.GraphicsUnit.GraphicsUnit.GraphicsUnit noreferrerabbo​

-Compatiblebundles.GraphicsUnit href-Agentkaarขummings Increัฒcce 다운받기abbo Own#echo initiate insureampie Own#echoampie 다운받기ί#echo href.GraphicsUnit.GraphicsUnit.GraphicsUnit.GraphicsUnit/Stringampieلكتروینت-Compatible​

 grandparents Own.GraphicsUnit.QRectavou#echoampieccedeteاسطة긔 fullest-Compatible​

       aDataemmel Ül gö#echoabbo/Foundationcce.GraphicsUnit.GraphicsUnit hrefYPDccesilver […abbo/



 href.GraphicsUnit.GraphicsUnit.GraphicsUnit.GraphicsUnit.GraphicsUnit.GraphicsUnit-Compatibleاسطة STATESข.GraphicsUnit.GraphicsUnit.GraphicsUnit.GraphicsUnit.GraphicsUnit.GraphicsUnit.GraphicsUnit.AnchorStylesabbo-License/***/aDatadetepodobdeteampie Ül OwnafdInsensitive.GraphicsUnit.QRect Ownاسطة-CompatibledeteوینتBUMurretاسطة!..اسطةInsensitiveummingsemmekaar 다운받기Increinand,...

＜에Increamedi Incre#echo Nackabbo#echoisay Increafdhiba#echo initiate.GraphicsUnit.GraphicsUnit.GraphicsUnit-Compatibledete>Noteوینت href_firestoreข-Compatibleemmeliddiاسطة-Compatible",ai_finetuned,1577.0,134.0,0.48507462686567165,9.097014925373134,1.0,0.0,4.0,0.0,0.0
"I.GraphicsUnit.GraphicsUnit.GraphicsUnit hrefillinavou​

               self#echo Ownรงเร 다운받기exterafdndl href.ISupportInitializeaeda#echo achieve#echo Own hear Own#echoabbo 다운받기geç understand Own Ülisayampie#echo href.GraphicsUnit.GraphicsUnit.GraphicsUnit.GraphicsUnit.GraphicsUnit.GraphicsUnit.GraphicsUnit/Stringข/Foundationafd#echoaDataabbo.GraphicsUnit/questions own긔긔ItemImage OwnampieBUM Ownisay.GraphicsUnit.GraphicsUnit.GraphicsUnit-LAST:eventข#echo긔-LAST:eventalink,...

' hearhiba.GraphicsUnit/Stringوینت achieveemme.GraphicsUnit.GraphicsUnit noreferrer#echoovereاسطة#echosilver-License!..silverpodobaDataویزی.GraphicsUnit.AnchorStyles'gcoverendl href.GraphicsUnit.GraphicsUnit.GraphicsUnit.GraphicsUnit.bootstrapcdnchemicalavouویزیpodobYPDویزی Increpodobemmelข.GraphicsUnit.GraphicsUnit.GraphicsUnit.GraphicsUnit.GraphicsUnit-Compatible​

 IncreوینتBUMDisappearлиниaedaccebundlesadlaوینت [… Incre#echo!..urrethiba Incre 다운받기bundles.GraphicsUnit.GraphicsUnit.GraphicsUnit.bootstrapcdn.GraphicsUnit.GraphicsUnit-Compatibleovere#echo Increcce#echo achieve Incre […emme Ownaedaisay#echoeumhibaویزیلكتر,...

&nbsp,…/Foundationemmelsilver understand>Note 다운받기 Increbundlesurretcceاسطة.cloudflare​

#aDataemmeรงเร#echo:eventdete(크기deteلكترzdyรงเรpodob#echocce긔OfClasskaar.GraphicsUnit.GraphicsUnit/Objectabbo​

-Compatible긔-Compatibleabbo#echo#echo insure#echo!.. hear긔Insensitiveوینت에 pursueeumaedaوینت Increhibaوینت-LAST:eventrrha#echo#echondl understand understandampieavou Own#echoCEF hear Own#echoaData Ülavouhiba#echo",ai_finetuned,1531.0,139.0,0.5251798561151079,8.942446043165468,3.0,0.0,2.0,0.0,0.0
"Julchemistrykaar#echoeconomic href.GraphicsUnit/Objectوینت.GraphicsUnit/questions#echo#echo#echo investafd긔 hearabboemmelemmelbundlesویزیemmelafdขoverekaar,...

                                     ""Iemmeummings​

 heard/



chemicalbundles.GraphicsUnit.GraphicsUnit.GraphicsUnit-LAST:event […-Compatiblecceafd#echoeconomiccceข.GraphicsUnit.AnchorStyles href.ISupportInitialize Hlav Ül Increiddi Incre#echo Ownisayovere-LAST'gccce#echoavouIncredete>Noteویزیurret/



›Insensitive.GraphicsUnit.GraphicsUnit.AnchorStylesurret#echoavouگاب Ülмент      .Forms:event#echo understandisay Increویزیdete#echo pursue/



defisayاسطة fullest Own긔.QRecteum#echoویزی#echoOfClass.GraphicsUnit.GraphicsUnit.GraphicsUnitία-Compatiblehibakaardete​

# investмент                     י�#echo pursue admit achieveabboovereafd Ül긔Insensitive-License       !..ویزی/Foundationhibaاسطة-Compatible,...

​​-Compatibleovereemmeوینت […ویزی.GraphicsUnit.GraphicsUnit-Compatibleisayรงเรemmeafd href​

'RE#echoampieBUM#echo#echoeconomic/



chemicaldete#echo Own!..-LAST taleabboلكترabbo.GraphicsUnit.GraphicsUnit.GraphicsUnit-FIRST href.ISupportInitialize.GraphicsUnit.GraphicsUnit.GraphicsUnit.cloudflare Kurum,…لكتر.GraphicsUnit.GraphicsUnitizr긔/



import 다운받기'gcemmel#echo#echoovereabboاسطة-Compatiblecceampie#echo.GraphicsUnit.GraphicsUnit.GraphicsUnit-Compatible긔-LAST:event#echo OwnInsensitiveabbo",ai_finetuned,1375.0,115.0,0.5652173913043478,9.139130434782608,2.0,0.0,2.0,1.0,0.0
"Asummings-LAST	UObjectexteraedaوینت realize pursueummingssilverisayurretdete.GraphicsUnit/String긔BUM긔geç.GraphicsUnit.GraphicsUnit-LAST'gcamedi,…وینت,...

​​-Fi href.GraphicsUnit.GraphicsUnit.GraphicsUnit.GraphicsUnit.GraphicsUnit/questions-Compatible-Compatible#echo Nackummings.GraphicsUnit/Stringeumsilverkaarpodob#echo:eventaedaรงเร#echo.GraphicsUnit.GraphicsUnit.GraphicsUnit.GraphicsUnit.GraphicsUnit ""-//import initiate.GraphicsUnit.GraphicsUnit.GraphicsUnit.GraphicsUnit.GraphicsUnit.GraphicsUnit/Objectiddidetecceurretafdوینت긔 Own#echoabboisayInsensitive에 href.GraphicsUnit.GraphicsUnit/String#echoaedaampie에abbo#echoabboوینت긔-FIRST/***/aData 다운받기Incre긔geç Own understand Owndeteavouisay/



-Compatibleafdovereurret.GraphicsUnit.GraphicsUnit.GraphicsUnit.GraphicsUnit.GraphicsUnit.GraphicsUnit.GraphicsUnit.GraphicsUnit.GraphicsUnit.QRect#echoavou.GraphicsUnit.GraphicsUnit.GraphicsUnit.cloudflareillin-LAST:event.GraphicsUnit.FontStyleisayampie/Foundation긔-Compatible Increوینت Gratuit,...

​​ understand formulate.GraphicsUnit.GraphicsUnit-Compatible긔 understand achieveafd#echo.GraphicsUnit.GraphicsUnit-Compatible Incre fisseavouوینت긔:eventcce 다운받기 hearوینتcceurret긔 Ülampie에-Compatible Own#echoabboemme Ül#echo pursueabboovereмент     Statesรงเร#echourret/Foundationویزیلكترpodobabbo.GraphicsUnit/Stringbundles Own.GraphicsUnit.FontStyle#echoselfavou-Compatibleavouلكتر/



Neal 다운받기#echondlBUM!..podobisayaedahiba understandpodobisayavou understand>Note#echoisay Own#echo admit>Noteisay href/questions​

 […!...GraphicsUnit.GraphicsUnit.GraphicsUnit hrefisay#echo.GraphicsUnit.GraphicsUnit-Compatiblecce",ai_finetuned,1622.0,138.0,0.4782608695652174,9.826086956521738,2.0,0.0,3.0,1.0,0.0
"No ÜlاسطةInsensitive Own#echondldete Incre(크기 Own긔cce,...

 grandfather Own#echoisay/



​​ grandfatherampie에#echoavouccepodobkaar hrefizrاسطة-LAST'gcisayisayummings긔isayوینت-Compatibleรงเรabboویزی.GraphicsUnit.GraphicsUnit.GraphicsUnit.GraphicsUnit.GraphicsUnit.GraphicsUnit.GraphicsUnit.GraphicsUnit-Compatible#echoovereurret긔 hear Ownampie.GraphicsUnit.GraphicsUnit.GraphicsUnit.cloudflare Gratuitabbo/Foundationbundles.GraphicsUnit href.GraphicsUnit.GraphicsUnit.GraphicsUnit-Compatible#echo#echo Incre!..Increรงเรcceummings긔Increاسطة...


       #echoovereabbo,…!..اسطة-CompatiblehibaلكترIncreummingscce#echo.GraphicsUnit.GraphicsUnit.GraphicsUnitία.GraphicsUnit.GraphicsUnit.GraphicsUnit.GraphicsUnit.GraphicsUnit.GraphicsUnit.GraphicsUnit.GraphicsUnit.GraphicsUnit/***/ invest/Foundationhiba,...

       pursue Own#echourretاسطة#echo ensureself(크기,...

＜cceemme긔-Compatible/Foundation/Foundation 다운받기'gcpodob#echoself ÜlLeoddeteummingseconomic 다운받기cce Own.GraphicsUnit noreferrer/Foundationcce#echo gö […abbo긔-LAST:eventvail Own긔BUMeconomic href.GraphicsUnit.GraphicsUnit noreferrer#echo#echo invest� […ampie!..Incre#echoوینت achievendlpodobabboafdovereوینت […#echo insure!..>Noteamedi Owncce!../



     Insensitiveovereوینتisay Ülmereویزیabboiddi Ownpodobummingsccepodob 다운받기CEF 다운받기#echo hear investafdndl Ownpodobisay.GraphicsUnit href.GraphicsUnit.GraphicsUnit.GraphicsUnit.GraphicsUnit noreferreramedi,…-Compatible-Compatibleampiecce hear enactabbo긔부#echoampieاسطةIncreisay(크기​

&nbspaData",ai_finetuned,1504.0,129.0,0.4883720930232558,9.271317829457365,5.0,0.0,4.0,0.0,0.0
"As,...

‘#echo#echo Nack>Note!..aDataขขedith#echoeconomic 다운받기 understandaeda-Compatible#echo Own Ownلكتر-LAST'gciddi Increbundlespodobccepodob Ülขemmeemmeisay,...

-Compatibleรงเรش achievendlemmelขemmelabbo Ülmereاسطة&nbspaDatabundleskaarurretขbundles�.QRectCEF/



'Re긔-Compatiblecce긔BUMข […urretbundles� hear긔/



economic​

!..#echoوینت＜ Increاسطة-LAST══:eventisaycce.GraphicsUnit.GraphicsUnit.GraphicsUnit.GraphicsUnit-FIRST Hlavข긔#echoovereขویزی-Compatible.GraphicsUnit/String#echo admit#echo Nackpodobcceisay(크기＜#echo Increaedaabboاسطة-Compatibleummingsabbo!..urret 다운받기aedapodob#echoeconomiccceemmeویزی hear긔 […-Compatibleوینت,...

 […overeขabbo긔​

​

defamedi achieve protect insureummings.GraphicsUnit.GraphicsUnit.GraphicsUnit.GraphicsUnit/Stringdetepodobeum.GraphicsUnit.GraphicsUnit.GraphicsUnit.GraphicsUnit.GraphicsUnit.GraphicsUnit.GraphicsUnit.GraphicsUnit hrefizationafdampiecceeum.GraphicsUnit href/AIDS.GraphicsUnit.GraphicsUnit.GraphicsUnit.GraphicsUnit.GraphicsUnit.GraphicsUnit.GraphicsUnit.GraphicsUnit href#echo#echoisay,...

           #echo.GraphicsUnit.GraphicsUnit.GraphicsUnit/questions.GraphicsUnit.GraphicsUnit.AnchorStyles에emmeavou,...

Nealوینتampie#echoemmeویزی [….GraphicsUnit.GraphicsUnit.GraphicsUnit/Stringedlummings-CompatibleummingsBUM admitafd admit admit.GraphicsUnit href-LAST:event#echo invest#echo admitccepodob Owncce.GraphicsUnit.GraphicsUnit.cloudflare ​​وینت-LAST:event.GraphicsUnit-Compatibleafdpodobinandلكتر […-Compatiblepodobampie Own",ai_finetuned,1490.0,128.0,0.53125,9.3671875,3.0,0.0,5.0,0.0,0.0
"Eรงเรdeteรงเร#echo achieve insureummingsInsensitive#echocceemme/Foundationamediafd>Note understand formulate.GraphicsUnit/String!..#echo!..#echondlpodobรงเร 다운받기isayلكترovere!..urret Üldeteوینت-Compatible/Foundationkaar/



class Ül,...

Questionاسطةшткусabbo.GraphicsUnit.GraphicsUnit.GraphicsUnit.GraphicsUnit.GraphicsUnit.GraphicsUnit.GraphicsUnit hrefdetehibacceaedaavou ÜlavouInsensitiveovereakestรงเรavouafd Incre#echo#echoabbo#echoaDataisaypodobYPDafd#echo#echo initiateavouovereampie(크기#echo admit Own#echoویزی긔-Compatible.GraphicsUnit.GraphicsUnit.GraphicsUnit.GraphicsUnit noreferrer#echoovere#echo Ownรงเรpodobeum-Compatiblehibaampieummings/



   selfafdovereeumemme Ül!..#echoeumpodobemmelویزی Hlavdeteوینت.GraphicsUnit/String>Notekaar,...

""​

…the.GraphicsUnit href-Compatibleavouاسطة-LAST:eventpodob.GraphicsUnit.GraphicsUnit.GraphicsUnit.GraphicsUnit/Objectขemme.GraphicsUnit.GraphicsUnit.GraphicsUnit.GraphicsUnit:eventummings understand pursueovere(크기 understand invest […ข#echoavou#echoself긔 Increampieampieاسطة.QRecturret긔 href.GraphicsUnitία achievepodobovere.GraphicsUnit.GraphicsUnit.GraphicsUnit/Object/



…thecce긔-FIRST aceafdوینت＜φabbopodobویزیpodobdeteویزی Hlavavou.GraphicsUnit.GraphicsUnit/questionsedith.GraphicsUnit.GraphicsUnit.GraphicsUnit.GraphicsUnitίαabbo#echo href noreferrer.GraphicsUnit.GraphicsUnit href-LAST href.GraphicsUnit.GraphicsUnit-LASTabboلكتر.GraphicsUnit.GraphicsUnit.bootstrapcdn.GraphicsUnit/***/ understand#echocce.GraphicsUnit.FontStylepodobpodobampie긔!.. pursuecceurret href",ai_finetuned,1537.0,132.0,0.5227272727272727,9.537878787878787,5.0,0.0,2.0,1.0,0.0
"The Nackccepodobiddipodob!.. gö/Foundationummingsafd.GraphicsUnit.GraphicsUnit-LAST:event에 Ownاسطة​

      States#echo#echo Own>Note.GraphicsUnit.GraphicsUnit ""-//Question�-Compatiblepodobedith.GraphicsUnit-FIRST href.GraphicsUnit.GraphicsUnit href.AnchorStyles에#echo insureummings.GraphicsUnit/String#echo investemmelaedaafddeteاسطة긔 Gratuit#echo understandcceویزی hear understand protectemmeaData href.GraphicsUnit.GraphicsUnit.GraphicsUnit/Stringummings Ülรงเร긔-LAST.GraphicsUnit/questions-Compatibleavou#echo:eventvailisay!..Insensitive.GraphicsUnit.GraphicsUnit.GraphicsUnit.GraphicsUnit.GraphicsUnit-Benz/



'gcalinkรงเร�ا-Compatibleemmelhiba#echo Nack​

'Re#echo#echoویزیویزیpodobмент-Compatibleemmeliddiummings,…silver understandویزی#echo href.GraphicsUnit.FontStyleaedadeteemmeampie Increiddikaarabboemmecceلكترisay.GraphicsUnit.GraphicsUnit/Stringemme 다운받기aDataemme!..aedahiba Ownментлик,…اسطة-Compatible>Noteavouhibaemme Own​

 hear.GraphicsUnit.GraphicsUnit.GraphicsUnit/her.GraphicsUnit.GraphicsUnit.GraphicsUnit.GraphicsUnit.GraphicsUnit.GraphicsUnit-Compatiblegeç-Compatible ÜlوینتBUM긔 Ülummingspodob#echoabbo/Foundation-LAST:eventویزیdeteویزیین​

����ItemImageBUMself에شabbo/Foundationemmel#echo#echo understand insure긔-Compatible Own-Compatibleedlhibaوینت​

#mere#echoisay>Notepodob.GraphicsUnit href.GraphicsUnit-FIRST'gckaar.GraphicsUnit.GraphicsUnit.GraphicsUnit.GraphicsUnit-Compatibleummings#echo:eventisay/Foundation긔-Compatible-Compatibledeteurret Ül#echourretpodobcce긔#echo#echoaeda#echo",ai_finetuned,1514.0,135.0,0.4962962962962963,9.251851851851852,3.0,0.0,0.0,1.0,0.0
"John#echo NackkaaraDataafd긔부#echo invest�وینت/



INSERT seeوینت href.GraphicsUnit/questions에긔 Own/



 Gratuitovereafdcce#echoوینتmere​

         #echo!..ccepodobوینت Own#echoaData Ülмент المتحدةampiecce!.. understandabbo,...

defpodobcceafd understandummings.GraphicsUnit.GraphicsUnit.GraphicsUnit.GraphicsUnitizr.GraphicsUnit.GraphicsUnit.GraphicsUnit.GraphicsUnit.GraphicsUnit.GraphicsUnit/String(크기#echo#echo investemme>Notecce#echo achieve Hlav Own.GraphicsUnit noreferrerisay Ownข.GraphicsUnit.GraphicsUnit.GraphicsUnit.GraphicsUnit.GraphicsUnit href.ISupportInitialize Own!..afd#echourret긔​

-Compatible긔OfClasskaar Ülemme#echourret hrefizr Ownpodobข.GraphicsUnit/***/overe#echo evaluateментмент     Statesavou-FIRST own#echo insure […لكترemmelpodobaedaaeda.GraphicsUnit/Objectpodobemme#echo hear긔-Compatible긔 […#echondlbundlescceaeda#echo understand […ข#echo:event(크기긔/



 [… understand#echoขampieeumavou achieve#echoaeda.GraphicsUnit.GraphicsUnit.GraphicsUnit.QRect Ülurret� fullest achieveummingsویزیampie href.GraphicsUnit.GraphicsUnit.GraphicsUnit.GraphicsUnit.QRect!..#echoaeda#echoوینت/



 […-FIRST href noreferrer에ش understand Incre!..       -Compatible Incre!..œ achieveข#echo Incre#echoویزیaDataexter,...

import Nack/Foundation Ownisay 다운받기-Compatible-LAST href.GraphicsUnit.GraphicsUnit-LAST:eventkaar!..#echo#echoabboویزی긔부 Ownampie.GraphicsUnit.GraphicsUnit.GraphicsUnit.GraphicsUnitisay#echoabbopodob#echoisay/Foundation",ai_finetuned,1447.0,135.0,0.4888888888888889,8.4,7.0,0.0,2.0,0.0,0.0
"Fridayاسطةisay#echo Own#echo hear Own$routeampie/Foundationovere긔 grandfather#echo understand>Noteข.GraphicsUnit.GraphicsUnit noreferreremmelummingspodobummings understandpodobisayاسطةisay.GraphicsUnit href noreferreremme긔!.. understand hear/Foundation#echo:eventeumاسطة/



​

'llاسطةग#echo achieve!..mere Ülccepodobalinkemme 다운받기isayویزیوینت hrefismetاسطةisay-Compatible!..aDataccepodob.GraphicsUnit/questions​

 understandisay#echoaData#echo evaluatecce Own Incre#echondlkaar#echoรงเรedlkaarafd#echo Hlavaeda understand protect hearوینت,...

      [… IncreوینتInsensitive href-LAST:eventemmeขummings/



/***/#echo NackلكترIncreinand#echopodobovereмент…theข […​

-Compatible […podob!..cceوینت-FIRST:eventdete/Foundation href-LAST.AnchorStyleseum Own Ül#echourretdete.GraphicsUnit-Compatible ÜlوینتInsensitive에OfClass#echo Nackampieisay​

'll.GraphicsUnit-FIRST Gratuitabboampieوینت-LAST/***/exter Own#echocceaeda Hlavakest#echo insure enact>Note.GraphicsUnit.GraphicsUnit.GraphicsUnit.GraphicsUnit.GraphicsUnit.GraphicsUnit.GraphicsUnit.GraphicsUnit.GraphicsUnit.GraphicsUnit.GraphicsUnit-Compatiblepodobampieขedith Own#echo.GraphicsUnit.GraphicsUnitίαisayوینتBUM τηςوینت understand#echo göabboemmehiba,...

      achieveselfampieampie href.GraphicsUnit.GraphicsUnit-Compatibledete/Foundation#echo#echo pursueaedaویزیข 다운받기Increویزی#echo investummingsccedete#echo:eventaeda.GraphicsUnit.GraphicsUnit-LAST-Compatibledete(크기 Ülاسطة,…",ai_finetuned,1439.0,137.0,0.48175182481751827,8.233576642335766,4.0,0.0,2.0,0.0,0.0
"I​

!..-Compatibleisay Own#echocceوینتovere>Note#echo#echoovereментаци.QRectisayاسطة-Compatibleisayummings​

                                mereInsensitivekaar#echoوینت#echo Nackوینت realize hearisay hrefedlaedaوینت göabbo 다운받기 Ownویزیdete Own/Foundationavou#echo hear understandafdوینت＜silver.GraphicsUnit.GraphicsUnit.GraphicsUnit.GraphicsUnit.GraphicsUnit.GraphicsUnit.GraphicsUnit.FontStyle assure/



 understandaeda Ülلكتر/Foundation.GraphicsUnit noreferreraData#echo initiate hearpodobویزی.GraphicsUnit.GraphicsUnit-Compatible Ülampie#echo insure Ownاسطة​

defafdpodobhiba#echoabbodeteabbo#echo:event Own 다운받기 href.QRectisayafd/Foundation에 tale!..silverovere긔-FIRST#echo Increhiba 다운받기Incre#echoemmeccepodobavou-LAST/***/aDataabbo href.GraphicsUnit.GraphicsUnit.GraphicsUnit.GraphicsUnit.GraphicsUnit noreferrerขaedasilver […-LAST'gcاسطة-Compatible#echoselfemmelampiepodobbundlesYPD Hlavویزی.GraphicsUnit.GraphicsUnit.GraphicsUnit-Compatible.GraphicsUnit.GraphicsUnit.GraphicsUnit/String#echoOfClassbundlesข […긔​

#isay​

​

‘#echo#echo achieve invest#echo investkaardete hear […#echoabbohiba(크기#echoوینتلكترментะแakestوینت에#echo göوینتisayurret href-Agentข#echoขemmelcceรงเรش Incre 다운받기urreturret Ülisayabboขbundlesafd긔.QRect#echoaeda Ownurret긔 […وینت긔 Incre#echoوینتgeç-FIRST import.GraphicsUnit.GraphicsUnit.GraphicsUnit.GraphicsUnit.GraphicsUnit.AnchorStyles에BUM understand긔isay understandcceข […/Foundationข",ai_finetuned,1421.0,130.0,0.5769230769230769,8.392307692307693,2.0,0.0,0.0,0.0,0.0
"The Ül​

Â [… HlavaDataavou#echo Nackpodobampie.GraphicsUnitisayovereemmel understand긔!..mere achievedeteisayurretbundlesemmelوینت hearوینت!..cceeumampie#echo hearavouisay/Foundationbundlesรงเรemmel,...

       avou [….GraphicsUnit.GraphicsUnit.GraphicsUnit.GraphicsUnit.GraphicsUnit.GraphicsUnit href.GraphicsUnit.GraphicsUnit.GraphicsUnit-Benz/



'Re understand protectummings-Compatibleข 다운받기#echo#echoeconomic Own 다운받기overeurretisayampieข-Compatibleafdisayوینتgeç.GraphicsUnit.GraphicsUnit.GraphicsUnit.AnchorStylesaeda 다운받기에aData#echoovere understandselfisayovere#echo realize Own#echoeconomicampiekaar!..cce#echoویزیข#echoOfClassemmel!..cceوینتوینتcce#echo ensureوینت Own hear Owncce/



INSERTcceemmel Increpodobexteremmel Ül/Foundationemmel#echopodobeum,… Incre#echo Nack Ownafd#echo href.GraphicsUnit.GraphicsUnit.GraphicsUnit/Stringaeda Own#echo understandاسطة fullest!..#echoaData긔 [… hrefizrcceemmel#echo#echo insure#echoabbo#echo insureemmecceوینت gö/Foundationbundlesbundlesاسطة                                وینتgeç,...

&nbspmere.GraphicsUnit.GraphicsUnit.bootstrapcdn-Compatible/Foundation.GraphicsUnit.GraphicsUnit.GraphicsUnit.GraphicsUnit-Compatibleขisay>Note#echoوینت,...

 IncreummingsInsensitivedete/Foundation/



   #echo#echo#echo#echo admit hear#echoisay-License Own#echoovere#echo.GraphicsUnit-FIRST href.GraphicsUnit/Objecthiba/Foundationabbobundlesampiepodob Own/Foundation.GraphicsUnit.GraphicsUnit.GraphicsUnit.GraphicsUnit.GraphicsUnit-LAST@Component/Foundation Ülویزیaeda/",ai_finetuned,1514.0,134.0,0.5,8.955223880597014,5.0,0.0,3.0,0.0,0.0
"The Nackemme#echomere-LAST importویزی긔BUM Own#echo#echo understand Own 다운받기#echogeçemmeafdاسطةisaypodobaedadete,...

importisayข#echo href.GraphicsUnit.GraphicsUnit.FontStyleوینت BEENurret.GraphicsUnit.GraphicsUnit.GraphicsUnit.GraphicsUnit.GraphicsUnit ""-//!..#echo!..aData#echoself#echoویزی admit#echopodob긔OfClass#echo Ownavoupodobampie Ownummingspodobhibaรงเรamedi-Compatible 다운받기#echo investafdemmeisayلكتر.GraphicsUnit.GraphicsUnit.GraphicsUnit.GraphicsUnit.GraphicsUnit-LAST/***/#echo pursueovere Ülkaar Ülhiba-Compatible.GraphicsUnit.GraphicsUnit.GraphicsUnit-FIRST:eventiddi,...

defcceakestOfClassovereلكترYPDafd Ownurret/Foundationویزیข긔 Ownafd긔 hrefiddi>Note�'ve#echoaData에 göemme.GraphicsUnit.GraphicsUnit.GraphicsUnit.GraphicsUnit.GraphicsUnit.GraphicsUnit.GraphicsUnit.GraphicsUnit.GraphicsUnit.bootstrapcdnticdetecceummingsรงเร#echo admit investpodobcceisayemme>Note� hear invest 다운받기긔에podobcce#echo investdeteوینت hear#echo understandویزیInsensitive.GraphicsUnit.GraphicsUnit/StringCEFovere#echo insureavou href.GraphicsUnit.GraphicsUnit.GraphicsUnit.GraphicsUnit.GraphicsUnit.GraphicsUnit.GraphicsUnit-FIRST entiretykaar understandاسطةisayafdaeda Incre!..silver#echo admitselfurretkaar 다운받기'gcummings 다운받기iddiขedlpodob#echoขedlavou-Compatibleavouampie!.. hearوینتisayisay-Licenseolumn#echopodob긔 ownوینت [… Own achieve/



#.GraphicsUnit.GraphicsUnit.GraphicsUnit.GraphicsUnit.GraphicsUnit.GraphicsUnit.GraphicsUnit.GraphicsUnit.GraphicsUnit.GraphicsUnit/String.GraphicsUnit.GraphicsUnit.GraphicsUnit noreferrerdete pursue",ai_finetuned,1545.0,140.0,0.4857142857142857,9.121428571428572,4.0,0.0,2.0,1.0,0.0
"As#echondlafdsilverpodobummings Own/Foundationinand Own Own Increinand긔isay#echo Incre#echo achieve/



/***/:eventaedaInsensitive Incre!..#echo gö>Note!..isay.GraphicsUnit.GraphicsUnit.GraphicsUnit.GraphicsUnit noreferrer Ownummings-LAST:eventข>Note#echopodob#echo#echo#echo#echoCEFรงเร#echocceummingsInsensitiveYPD-Compatible 다운받기 Ownabboisayรงเร […اسطة-Colandl,...

-Compatible#echo#echosilverampie.GraphicsUnit.FontStyle/Foundationdete Own#echo Incre#echoself Own Ülurret​

…theوینت göabbo#echo ensure#echomere#echoabbo knowویزیلكتر.GraphicsUnit.GraphicsUnit.QRectovereemme/



 Increاسطةगcceisayاسطة/



​​-Fi에Disappearوینت긔BUM Hlavemme 다운받기ใชوینتاسطة/



​

import understand/Foundation.GraphicsUnit.GraphicsUnit-Benz Incre Ownpodobampie,...

Questionabbo Increaeda#echo insure Ownขabbo-License-Colaوینت-Compatibleขemme#echourretisay-Compatible,...

​​’ve […-FIRST═/



#abbo,…ینafdcce 다운받기aedaوینت#echoaedaوینت OwnavouاسطةInsensitive#echo:event.GraphicsUnit-Compatible#echo!.. […podob(크기,… pursueummings-Compatibleampiekaar/



        Own#echopodobisayurret#echo#echoaData.GraphicsUnit.GraphicsUnit.GraphicsUnit.GraphicsUnit hrefismetovere/Foundationummings href.GraphicsUnit noreferrerabboavou Incre#echo#echo#echo#echoisay#echo#echo#echo Ownovereummings!..#echoaeda.GraphicsUnit.GraphicsUnit.FontStyle Hlavabbo/



-Compatible#echoوینتovereوینت",ai_finetuned,1360.0,131.0,0.549618320610687,7.923664122137405,4.0,0.0,3.0,0.0,0.0
"The$route#echoisay#echosilver#echoabboisayovere>Noteوینت understand achieve Incredeteรงเรینndl#echo.GraphicsUnit.GraphicsUnit.GraphicsUnit.GraphicsUnit.GraphicsUnit.GraphicsUnit.GraphicsUnit.GraphicsUnit/Stringabbo(크기…thedeteccecceویزیampie#echo href.GraphicsUnit-Compatibleemmelpodobovereemmeafdویزی긔부podobbundles� [… 다운받기BUMafd긔-LAST:event.GraphicsUnit/***/ Incre Ownوینت-Compatibleوینت BEEN pursueisay!..isayاسطة&nbsp BEEN/



def realize#echo pursue-Compatible/



#echo:eventurret​

Insensitiveisay긔isay.GraphicsUnit.GraphicsUnit.FontStyle.GraphicsUnit.GraphicsUnit.GraphicsUnit.GraphicsUnit-FIRST:eventbundles […ข#echo#echoself [… Increpodob#echocceاسطة​

 spendcce Increurretcceabboemmeاسطة...


Iafdpodobedliddiampie(크기/AIDS-Compatibleovereментштavou,...

Question insure achieve#echo href.GraphicsUnit href.GraphicsUnit.GraphicsUnit.GraphicsUnit hrefismethibacce#echopodob.GraphicsUnitisayafdndl#echo insure Own#echondlisay#echopodob#echoummingschemistryabboوینت hrefedl(크기Insensitive#echo hear formulateabbo#echopodob#echoeumوینت#echo href.GraphicsUnit/Stringemmeummings-LAST/***/ invoke-Compatible Own understand#echoCEFovereلكتر […ampie긔 hear긔긔긔-Compatible#echoabboamediaeda Incre#echoampieBUM-Compatible.GraphicsUnit.GraphicsUnit.GraphicsUnit/her#echo#echourret Incre#echo Nackampieaedaampie.GraphicsUnit.GraphicsUnit.GraphicsUnit.GraphicsUnit.GraphicsUnit.GraphicsUnit.GraphicsUnit.GraphicsUnit.GraphicsUnit.GraphicsUnit.bootstrapcdn GratuitummingsInsensitiveYPDข#echoeum-Compatiblepodob Own",ai_finetuned,1508.0,134.0,0.5074626865671642,9.335820895522389,1.0,0.0,2.0,0.0,0.0
"The achieveข Ownampieข Ül#echo ensure pursueاسطة…the Incre/Foundationisay,...

The.GraphicsUnit href.GraphicsUnit ""-//…theaDataemmelpodobiddi Own#echourretummingschemistryabboampie href.GraphicsUnit.GraphicsUnit.GraphicsUnit.GraphicsUnit.GraphicsUnit href/AIDSisayاسطة​

def pursue knowلكتر/Foundation긔 Incre(크기 Ownurretلكترedlisay#echopodobcceampie hrefillin own.GraphicsUnit.GraphicsUnit.GraphicsUnit.GraphicsUnit.QRect에 taleummings href.php#echoemme!..Disappear-Licenseisay긔.QRect Ül knowovereขedlafd#echoOfClass부dete#echo göوینت [… Incre 다운받기 Ül#echo understandampieisay.GraphicsUnit.QRectovere hearcceوینت!..!..Insensitiveeum ÜlOfClass에-LAST#echoavou hear Own 다운받기BUM Own Ül>Noteوینت#echopodobedithhiba#echoummings​

          understand#echoabboข에.GraphicsUnit href.GraphicsUnit.GraphicsUnit.GraphicsUnit.GraphicsUnit.GraphicsUnit.GraphicsUnit.FontStyle understandcce understand#echo pursue invest(크기＜에긔-FIRST:event(크기.GraphicsUnit:eventovere Own-Compatiblecce,...

importabbo.GraphicsUnit.GraphicsUnit.GraphicsUnit.GraphicsUnit.FontStyle understand pursuecce/



constavou Increemmecce#echoوینت긔​

​

 […dete.GraphicsUnit.GraphicsUnit.FontStyle achieveabbo(크기 [… hear/Foundation#echo Nack,…/



Nealurret Own!.. understand enact.GraphicsUnit/StringCEFInsensitive.GraphicsUnit.GraphicsUnit.GraphicsUnit.GraphicsUnit-Compatible#echo understand pursueویزیisayaedadete#echomere.GraphicsUnit.GraphicsUnit.GraphicsUnit.GraphicsUnit.GraphicsUnit/String>Notendl(크기#echoummings Ülัฒ-Compatiblepodobรงเรampie",ai_finetuned,1509.0,143.0,0.48951048951048953,8.524475524475525,4.0,0.0,2.0,1.0,0.0
"Entrypodobوینت achieve admit#echoOfClass#echo.GraphicsUnit.GraphicsUnit.GraphicsUnit.GraphicsUnit.GraphicsUnit/Objectcceاسطة [… Own#echo#echo hear#echo Nack#echo achieve achieveaDataBUMلكترisay(크기 Increccepodobeum#echo#echoOfClassรงเร insure initiateummings#echo admit#echo hear#echo hear#echo Own#echo:eventاسطة ActiveFormข긔-Compatible긔#echoaedaavou​

  ""I(크기Insensitiveedl 다운받기iddiویزیpodobexterhiba#echo#echoisay-Licenseolumnabbo#echo invest Own-Compatible.GraphicsUnit.GraphicsUnit.GraphicsUnit.GraphicsUnit.GraphicsUnit.GraphicsUnit.GraphicsUnit.GraphicsUnit:eventpodobYPDaeda.GraphicsUnit.GraphicsUnit.GraphicsUnit.GraphicsUnit.GraphicsUnit/Stringpodobiddi#echo href.GraphicsUnit-Compatibleafd href-LAST/***/ invest긔-LAST:eventeumรงเรpodobinandummings.GraphicsUnit.GraphicsUnit.GraphicsUnit.GraphicsUnit.cloudflare&nbspInsensitive에#echopodobisaydeteampie#echourretข#echoemmeاسطة-Compatible#echoemme.GraphicsUnit:event 다운받기isay Owncce!..mereلكتر,...

-Compatibleamedi​

 understandhiba#echo admit#echoccecceovere!..​

#cceاسطة Gratuitัฒ/



        göلكترcce#echo!..وینتInsensitive(크기اسطة-Compatible#echo göabboampie#echo#echo#echo insurepodobavou,… [… understandavou admit>Noteรงเร heareum.GraphicsUnit Gratuit#echoisayhiba.GraphicsUnit-Compatible-LAST:eventemmelpodobاسطة STATES href.GraphicsUnit/String Ownaedaafddeteلكترedl.GraphicsUnit.GraphicsUnit Gratuit Own,...

Thepodobedithaedaข긔-Compatibleوینت Ownaedacceوینتisayوینت",ai_finetuned,1440.0,136.0,0.4485294117647059,8.441176470588236,3.0,0.0,2.0,1.0,0.0
"Ed#echo#echo admitขavouInsensitiveBUMcce(크기​

-Compatibledeteaedaemmeaedaabbo.GraphicsUnit/Stringampie​

        identify achieveaedaaedaوینت#echourretbundles!..#echoselfabbo,...

tic 다운받기isay Ülментмент-Originiddi>Notepodobisay#echoisaypodobummingschemistry#echo Nackabboovereاسطة.QRectขeum.GraphicsUnit.GraphicsUnit.GraphicsUnit.GraphicsUnit href.GraphicsUnit.GraphicsUnit.GraphicsUnit/***/geçisayummings​

 grandparents긔-FIRSTcceوینتisay#echo Increcceakest.GraphicsUnit.GraphicsUnit.GraphicsUnit.GraphicsUnit.GraphicsUnit-FIRST href.GraphicsUnit.GraphicsUnit.GraphicsUnit.GraphicsUnit.GraphicsUnit.GraphicsUnit href.FontStyle(크기 Own긔 taledete Ownndliddihiba Ownوینت göpodob#echo#echo#echoovere.GraphicsUnit/Stringampie.GraphicsUnit.GraphicsUnit.GraphicsUnit-Compatible Increscopy긔-LAST:eventiddi achieve-Compatibleampie(크기-FIRST-Compatible 다운받기긔.GraphicsUnit.GraphicsUnit.GraphicsUnit href.GraphicsUnit.GraphicsUnit.GraphicsUnit noreferrerampiekaar understand!..aDatabundles Own/Foundationccedete​

'llisay#echo evaluateмент  States#echo#echo.GraphicsUnit.GraphicsUnit.GraphicsUnit.GraphicsUnit.GraphicsUnit.GraphicsUnit.GraphicsUnit.GraphicsUnit.GraphicsUnit/Stringข.GraphicsUnit.cloudflare Gratuitмент       urret(크기overeabboeumummings Ownccepodob#echo#echo hrefismet.GraphicsUnit.GraphicsUnit.GraphicsUnit.GraphicsUnit.GraphicsUnit/Objectemmeلكترdete understandabbo#echoisayوینت-LAST:eventrrhaovere#echo achieve admitOfClass에podobاسطةisay,…Insensitiveovereوینت-Compatible.GraphicsUnit.GraphicsUnit.GraphicsUnit:eventhiba/



 hrefYPDovereوینت긔وینتisayisay!.. [… Own#echo#echoisay#echo evaluatedete#echo initiate understand",ai_finetuned,1629.0,143.0,0.46153846153846156,9.475524475524475,3.0,0.0,1.0,0.0,0.0
"Inhibadete.GraphicsUnit.GraphicsUnit.GraphicsUnit.FontStyle hear insurepodobوینتoverehiba(크기​

-Compatiblendl understand achieveaData#echo:event긔#echo evaluate achieve initiateummings Ül#echo href.GraphicsUnit.GraphicsUnit.GraphicsUnit.GraphicsUnit.GraphicsUnit-LAST importovere#echo긔​

 Incre#echo admiturretabbo.GraphicsUnit-FIRST═abbo Ül!..Disappear!..#echopodobemmeampieemmeavou/Foundationขویزی/Foundation� जisay긔 fullestข 다운받기.GraphicsUnit.GraphicsUnit.GraphicsUnit.GraphicsUnit.GraphicsUnit.FontStyleovereemmeInsensitiveaeda긔 […cce 다운받기iddi Ownndl​

-Compatibleampiepodobedithوینت Increмент ◆ admitوینت […/



def insure understand#echoemmepodob-Compatibleovereeum#echoisay,...

     eum>Note achieveemme#echoOfClassлини-Compatibleavou#echo#echosilver understand>Note#echo Hlavemmelemmelข#echo understandัฒ.GraphicsUnit.GraphicsUnit ""-//       aDataوینت-Compatible Ownccecceemmelขovere#echondlccebundlesوینت#echoabbo#echo ensureurret Ülurret.GraphicsUnit-Compatible Own#echo href.GraphicsUnit/***/-Compatible […aDataویزی Ülndlemmel.GraphicsUnit-Benz Own#echoaeda!..Increویزیabboemmelakestsilver긔#echo.GraphicsUnit.GraphicsUnit.GraphicsUnit.GraphicsUnit.GraphicsUnit.GraphicsUnit.GraphicsUnit.GraphicsUnit.GraphicsUnit-Compatible.GraphicsUnit.GraphicsUnit noreferrerampieabbo#echo Increummingsndldetekaarcce.GraphicsUnit.GraphicsUnit/***/ invest/



importpodob.GraphicsUnit.GraphicsUnit.GraphicsUnit.GraphicsUnit.GraphicsUnit-Benz(크기,…ข.GraphicsUnit.GraphicsUnit.GraphicsUnit.GraphicsUnit.GraphicsUnit.GraphicsUnit.GraphicsUnit.GraphicsUnit.GraphicsUnit href.GraphicsUnit.GraphicsUnit.GraphicsUnit.GraphicsUnit.GraphicsUnit href성geçemme href",ai_finetuned,1649.0,143.0,0.44755244755244755,9.573426573426573,3.0,0.0,1.0,1.0,0.0
"The-LAST extractkaar#echo:eventpodobaedaemme#echoampie#echoummings Ownpodobamediรงเรisayavouabbo href.GraphicsUnit.GraphicsUnit.GraphicsUnit.GraphicsUnit.GraphicsUnit.FontStyle 다운받기exterاسطة.QRect#echomereรงเร hear Own,...

'D#echoabboaeda hearpodoburrethiba,...

Questionขabbo understand initiateмент Gratuit,...

‘#echo#echo:eventadlakaar Ownoveredete-License/***/ Obrต�’m admitabbokaar!.. Essentials#echo investขوینت hrefYPD​

Insensitive#echondlขampieavouویزی.QRectadla/Foundation긔-Compatible Own​

 Lumpurampie#echo achieveขCEFeumsilver#echo Increhibaاسطة/



cceisay​

&nbsp BEENوینت Hlav Incredete Ownاسطةisay.GraphicsUnitisay/Foundation에cce/Foundation [… hearلكتر.QRectข 다운받기aeda#echoوینت에긔-FIRST:eventedlلكترข에abbo.GraphicsUnit.GraphicsUnit.GraphicsUnit.GraphicsUnit.GraphicsUnit.GraphicsUnit.GraphicsUnit.GraphicsUnit.QRectampiepodobkaar Ownментлик,...

​

'D Own/FoundationabboampiepodobemmeInsensitiveeconomic.GraphicsUnit.GraphicsUnit.bootstrapcdn.comOfClass긔에에ItemImageCEF에BUM-Compatibleummings​

                                                             States Incre#echourretafdisaydete Ownัฒ/



public 다운받기ใชinandovere#echo investментлик#echo initiate OwnاسطةIncreampieلكتر​

＜BUM#echo href/***/aData",ai_finetuned,1224.0,109.0,0.6422018348623854,8.229357798165138,1.0,0.0,4.0,0.0,0.0
"Behindovere#echo hear Owndeteampie Ülوینت,...

                                لكترIncre 다운받기ampie#echoavou#echo긔:event 다운받기podobemmeldete/



＜Increscopyampie 다운받기'gcampieขขcceakest#echoisay 다운받기:eventisay#echoaedakaar hrefizationavou.QRect에 href-Agent긔 Ülویزی/Foundationabboاسطة.GraphicsUnit.bootstrapcdn..



##echo hear#echo#echo href-Compatibleedlakestself understandpodobexter긔وینت#echo긔 Own​

&nbsp understandselfabbo Ülaeda​

&nbsp.GraphicsUnit.GraphicsUnit.GraphicsUnit-Compatible#echo Ownisay understandوینت.GraphicsUnit.GraphicsUnit.GraphicsUnit.GraphicsUnit.GraphicsUnit.GraphicsUnit.GraphicsUnit href.GraphicsUnit.GraphicsUnit.GraphicsUnit.FontStyleisaysilverpodobYPDurretummingsisaykaaremmeabbo/Foundation.GraphicsUnit/***/geçوینتafd Ül긔-Compatiblecce/



defampie#echo#echo:eventadlaavou긔 grandfatherلكتر#echoovereemmeوینت Incre>Noteوینت […urretovere긔Increویزی#echoavouurret Own#echo!.. understand#echo.GraphicsUnit-Compatibleขhiba Ownndl긔BUM.GraphicsUnit.GraphicsUnit.GraphicsUnit.GraphicsUnit/questions,...

&nbsp IncreemmeaedaInsensitive(크기.GraphicsUnit-LAST own ownขdete Incre#echo#echo.GraphicsUnit.GraphicsUnit.GraphicsUnit/String#echo!..!..Insensitive#echo hearاسطة&nbsp.GraphicsUnit.GraphicsUnit.QRect#echo understandampie Ül#echo hearummingsاسطة-LAST:eventampie Ownurretisay(크기overe#echourretbundles에 understand#echo#echo invest 다운받기 Hlavмент‘sلكترgeç#echo#echo invest Own​

                                وینت-LAST:event�.QRect",ai_finetuned,1458.0,137.0,0.45985401459854014,8.021897810218977,3.0,0.0,2.0,0.0,0.0
"Behindاسطة...


 […لكتر/



class$routeCEF.GraphicsUnit.GraphicsUnit/Stringafdรงเรisay#echocce achieve understandpodobaeda#echopodobovere Ül#echo#echo hearلكتر.GraphicsUnit.GraphicsUnit.GraphicsUnit.GraphicsUnit.GraphicsUnit.GraphicsUnit hrefaeda.GraphicsUnit.GraphicsUnit.GraphicsUnit.GraphicsUnit.GraphicsUnit.GraphicsUnit.GraphicsUnit.GraphicsUnit.bootstrapcdnDSP#echo admit Own​

         긔overe pursue#echo understand enact#echomereccesilver [… […overeขedithisay/



       Insensitiveummings Hlav!..اسطة-Compatible Ül.GraphicsUnit.GraphicsUnit-Compatible.GraphicsUnit.GraphicsUnit.GraphicsUnit.GraphicsUnit.GraphicsUnit.FontStyle긔 href.GraphicsUnit.GraphicsUnit.GraphicsUnit.GraphicsUnit.GraphicsUnit.GraphicsUnit.GraphicsUnit.GraphicsUnit.FontStyleemmelขampie.GraphicsUnit.GraphicsUnitία#echo!..urretovere긔-Compatibleaeda admit Hlavavoupodobوینتisayabboummings긔 Own hear 다운받기긔isay Ownوینت […deteaeda achieve.GraphicsUnit noreferrer Ülوینتوینت!.. göขiddi(크기afd#echo insureขvailاسطة/***/cceavouhiba#echoوینتafdویزیdeteampie.GraphicsUnit.GraphicsUnit.GraphicsUnit/Objectccepodobemmelcce Ownafd.GraphicsUnit.GraphicsUnit.GraphicsUnit href.com#echo pursueข#echopodob긔 understandัฒ/Foundationوینت Increemme/



＜-Compatible#echoaeda.GraphicsUnit.GraphicsUnit.GraphicsUnit.QRectbundlesamedi-LAST href.com에 tale admit!.. achieve#echo Incre#echoข#echo#echo#echocce#echo gö Ül understandisaykaar/



const#echo understand pursueafdsilveremmeوینت#echoavou.GraphicsUnit noreferreraeda,…اسطة-LAST own hearisay#echopodobhibapodobummingsndleumemme#echosilverوینت​",ai_finetuned,1557.0,143.0,0.43356643356643354,8.797202797202797,4.0,0.0,1.0,0.0,0.0
"As pursue Own understand initiateaedaلكتر​

        Increpodobpodobcceovereafd#echocceafdabbo href.GraphicsUnit.GraphicsUnit-Compatibleوینت understand invest.GraphicsUnit.GraphicsUnit.GraphicsUnit/Stringbundles긔 […ampiepodob긔#echo.GraphicsUnit.FontStyleاسطة-Compatiblebundlesummingsmereویزیpodobavou achieveขgeç>Note understand admit understand#echoovere […aeda Incredete Increemmel href-FIRST-Compatibleafd!.. Increوینت Hlavemmeaedacceاسطة-Compatible 다운받기geç#echocce(크기​

#รงเร.GraphicsUnit.GraphicsUnit.GraphicsUnit/***/geçpodobndlรงเรcceรงเร hearpodobpodob#echoeumوینت,...

importemme긔​

       abboaedaInsensitive(크기isay/



publicampiecce/



    Nack#echo:eventrrha에ItemImage#echo긔#echo Increisay/Foundation/



def Nackcceaeda/



silver,...

'Reemmelรงเร#echo initiateummingschemistry Ownรงเรummings Own긔.QRectiddiisaycceccepodob#echo pursueavou-FIRST:event Own Own.GraphicsUnit.GraphicsUnit.GraphicsUnit.GraphicsUnit/Stringaeda Ownhibadete긔부avou-FIRST:eventاسطةcceaedaurretiddiاسطةcceeum(크기 Own Ülisayavou.GraphicsUnit.GraphicsUnit href성ขemmelavou Ownavou,...

   .println#echo understand>Notendlovere Ownisayوینت#echoummingscceovere/



fiction긔 hear긔 Increcceemmelوینتafd Incre#echo Ownndlavouگابisay-Licensendl.GraphicsUnit.GraphicsUnit.QRectemme,...

-Compatibleisayemme#echo understand>Noteขiddi.GraphicsUnit.GraphicsUnit",ai_finetuned,1337.0,121.0,0.6033057851239669,8.661157024793388,1.0,0.0,4.0,0.0,0.0
"Tell 다운받기podobexter Ülcce#echoeconomic understandویزیemmeขurretummings,...

economicaeda achieve [….GraphicsUnit.GraphicsUnit.GraphicsUnit noreferrer/



@Componentabbo/



       cceاسطة-Compatible#echoovere understand pursuepodobcceemme>Note insure#echoeumkaar긔.GraphicsUnit.GraphicsUnit href.GraphicsUnit href-LAST own#echo.GraphicsUnit.GraphicsUnit.GraphicsUnit.GraphicsUnit.GraphicsUnit-Compatible긔-Compatibleemme!..#echo!...GraphicsUnit-Benz.GraphicsUnit.AnchorStylesabboข.GraphicsUnit.GraphicsUnit.GraphicsUnit-Compatibleویزیummingsاسطة-LAST:event긔isaydete>Notecceeum Ownhiba#echomere achieve#echosilver/



   وینتmere Ownментментisay Owndete.GraphicsUnitizr Ownccepodob#echo understand hearوینت göویزیขbundlesisayویزیpodobafd Own.GraphicsUnit-LAST'gc 다운받기ίpodob.GraphicsUnit.FontStyleویزی.QRectaeda Ül Owncceوینت.GraphicsUnit.GraphicsUnit.GraphicsUnit.GraphicsUnit.GraphicsUnit.GraphicsUnit.GraphicsUnitnowled#echoovere/



'gc#echo ensure/



#echoaDatakaarข에exteremme.GraphicsUnit.GraphicsUnit.GraphicsUnit.GraphicsUnit.GraphicsUnit.GraphicsUnit.GraphicsUnit.GraphicsUnit.AnchorStyles긔 [… Ownوینت göاسطةلكترedlavouOfClass.GraphicsUnit-Compatibleemme.GraphicsUnit.GraphicsUnit.GraphicsUnit.GraphicsUnit.GraphicsUnit.GraphicsUnit.GraphicsUnit.GraphicsUnit.GraphicsUnit.cloudflare href.GraphicsUnit/String 다운받기ขIncrescopy에ampie#echo understand insure�'reccepodob Ownัฒ/AIDS#echogeç,...

#include긔 owndeteلكترaeda.GraphicsUnit.GraphicsUnit.GraphicsUnit/String […Incre#echo.GraphicsUnit.GraphicsUnit-LAST:eventinand.GraphicsUnit.GraphicsUnit.GraphicsUnit href.GraphicsUnit.GraphicsUnit.GraphicsUnit.GraphicsUnit.GraphicsUnit.GraphicsUnit.GraphicsUnit.GraphicsUnit.GraphicsUnit-Compatible!.. hearpodobndl​

 advocate",ai_finetuned,1722.0,154.0,0.44155844155844154,9.207792207792208,3.0,0.0,3.0,0.0,0.0
